-- phpMyAdmin SQL Dump
-- version 4.6.6deb5
-- https://www.phpmyadmin.net/
--
-- Host: localhost:3306
-- Generation Time: Oct 09, 2018 at 02:47 PM
-- Server version: 5.7.23-0ubuntu0.18.04.1
-- PHP Version: 7.2.10-0ubuntu0.18.04.1

SET SQL_MODE = "NO_AUTO_VALUE_ON_ZERO";
SET time_zone = "+00:00";


/*!40101 SET @OLD_CHARACTER_SET_CLIENT=@@CHARACTER_SET_CLIENT */;
/*!40101 SET @OLD_CHARACTER_SET_RESULTS=@@CHARACTER_SET_RESULTS */;
/*!40101 SET @OLD_COLLATION_CONNECTION=@@COLLATION_CONNECTION */;
/*!40101 SET NAMES utf8mb4 */;

--
-- Database: `eapi`
--

-- --------------------------------------------------------

--
-- Table structure for table `migrations`
--

CREATE TABLE `migrations` (
  `id` int(10) UNSIGNED NOT NULL,
  `migration` varchar(255) COLLATE utf8mb4_unicode_ci NOT NULL,
  `batch` int(11) NOT NULL
) ENGINE=InnoDB DEFAULT CHARSET=utf8mb4 COLLATE=utf8mb4_unicode_ci;

--
-- Dumping data for table `migrations`
--

INSERT INTO `migrations` (`id`, `migration`, `batch`) VALUES
(1, '2014_10_12_000000_create_users_table', 1),
(2, '2014_10_12_100000_create_password_resets_table', 1),
(3, '2018_10_05_174204_create_products_table', 1),
(4, '2018_10_05_174249_create_reviews_table', 1);

-- --------------------------------------------------------

--
-- Table structure for table `password_resets`
--

CREATE TABLE `password_resets` (
  `email` varchar(255) COLLATE utf8mb4_unicode_ci NOT NULL,
  `token` varchar(255) COLLATE utf8mb4_unicode_ci NOT NULL,
  `created_at` timestamp NULL DEFAULT NULL
) ENGINE=InnoDB DEFAULT CHARSET=utf8mb4 COLLATE=utf8mb4_unicode_ci;

-- --------------------------------------------------------

--
-- Table structure for table `products`
--

CREATE TABLE `products` (
  `id` int(10) UNSIGNED NOT NULL,
  `name` varchar(255) COLLATE utf8mb4_unicode_ci NOT NULL,
  `detail` text COLLATE utf8mb4_unicode_ci NOT NULL,
  `price` int(11) NOT NULL,
  `stock` int(11) NOT NULL,
  `discount` int(11) NOT NULL,
  `created_at` timestamp NULL DEFAULT NULL,
  `updated_at` timestamp NULL DEFAULT NULL
) ENGINE=InnoDB DEFAULT CHARSET=utf8mb4 COLLATE=utf8mb4_unicode_ci;

--
-- Dumping data for table `products`
--

INSERT INTO `products` (`id`, `name`, `detail`, `price`, `stock`, `discount`, `created_at`, `updated_at`) VALUES
(1, 'ad', 'Iure non ut vitae aliquam aperiam aut. Vel sed delectus sit blanditiis et a ab. Eos unde quae aut quae voluptatum.', 685, 1, 17, '2018-10-09 20:39:30', '2018-10-09 20:39:30'),
(2, 'accusantium', 'Molestias consectetur nulla quia consequatur odio excepturi officiis incidunt. Est eum aut eos placeat quasi culpa qui est.', 231, 5, 20, '2018-10-09 20:39:30', '2018-10-09 20:39:30'),
(3, 'ex', 'Corrupti ab quisquam dolores odio aspernatur. Enim autem sint dolorum explicabo. Dolores et odit dolore ex veritatis vel in nesciunt. Suscipit modi voluptatem voluptatem animi.', 950, 4, 11, '2018-10-09 20:39:30', '2018-10-09 20:39:30'),
(4, 'eligendi', 'Deleniti qui nemo eligendi modi porro neque aut quis. Quam eveniet vel fuga vitae. Et ut et eaque. Cum omnis provident unde est.', 910, 5, 24, '2018-10-09 20:39:30', '2018-10-09 20:39:30'),
(5, 'sint', 'Ipsa id dicta et eos. Ab dolorem deserunt qui sed omnis consequuntur. Unde velit non nulla omnis.', 973, 7, 11, '2018-10-09 20:39:30', '2018-10-09 20:39:30'),
(6, 'beatae', 'Quas necessitatibus quae enim qui aspernatur sit. Ea dolores ex iusto odit a doloribus. Ipsam dicta aut repudiandae alias doloremque optio nihil.', 720, 3, 6, '2018-10-09 20:39:30', '2018-10-09 20:39:30'),
(7, 'aut', 'Et autem doloribus qui laboriosam. Sint distinctio voluptas et iure soluta et sed. Molestias est vero earum.', 167, 0, 29, '2018-10-09 20:39:30', '2018-10-09 20:39:30'),
(8, 'nostrum', 'Nobis eius laboriosam nulla libero et tenetur. Laudantium inventore quia rerum deleniti esse. Inventore omnis illum quo iure assumenda exercitationem vel.', 280, 4, 10, '2018-10-09 20:39:30', '2018-10-09 20:39:30'),
(9, 'inventore', 'Tempore magni quos nobis repellendus dignissimos. Id ullam perferendis exercitationem labore dicta. Nulla sunt est omnis in nesciunt. Omnis dolorem sed voluptate totam.', 730, 2, 6, '2018-10-09 20:39:30', '2018-10-09 20:39:30'),
(10, 'velit', 'Incidunt aut molestiae quisquam nobis illo cupiditate aut. Eligendi sapiente velit tempore natus. Commodi voluptatem error voluptas quia in et.', 415, 7, 28, '2018-10-09 20:39:30', '2018-10-09 20:39:30'),
(11, 'illo', 'Quibusdam tenetur et minus et rerum debitis voluptatum. Quasi similique sint quidem quia. Odio natus quia aliquid laborum ducimus quos. In est aperiam possimus aut.', 767, 4, 25, '2018-10-09 20:39:30', '2018-10-09 20:39:30'),
(12, 'pariatur', 'Est tempora quae natus qui nostrum. Occaecati et sequi omnis ex.', 958, 4, 3, '2018-10-09 20:39:30', '2018-10-09 20:39:30'),
(13, 'quisquam', 'Quis ab quas alias vel rerum. Aliquid quo fugiat facilis soluta amet harum. Omnis et modi commodi quia nesciunt ea.', 667, 5, 5, '2018-10-09 20:39:30', '2018-10-09 20:39:30'),
(14, 'provident', 'Inventore eligendi qui eum nobis qui accusantium quo. Quam natus reiciendis et tempore quo aut. Velit animi qui assumenda saepe omnis nulla. Debitis ullam velit aperiam eos quasi aut id autem.', 230, 7, 7, '2018-10-09 20:39:30', '2018-10-09 20:39:30'),
(15, 'nulla', 'Voluptatum pariatur sunt delectus non cupiditate dignissimos culpa minus. Iste odio et assumenda sit dolorem sed consequuntur. Laudantium nobis aperiam saepe perspiciatis ut veritatis qui.', 381, 4, 2, '2018-10-09 20:39:30', '2018-10-09 20:39:30'),
(16, 'exercitationem', 'Nobis iste sequi sit deserunt assumenda officia et. Possimus itaque enim dignissimos explicabo. Aliquam cupiditate dolores voluptas rerum hic. Sequi enim voluptatem temporibus esse unde ducimus sit vero.', 788, 9, 21, '2018-10-09 20:39:30', '2018-10-09 20:39:30'),
(17, 'ut', 'Voluptate soluta voluptatem eius. Sit earum explicabo enim veniam. Quo non aperiam libero dolorem eveniet dolorem. Deserunt odio sit illo.', 520, 8, 29, '2018-10-09 20:39:30', '2018-10-09 20:39:30'),
(18, 'numquam', 'Minima nobis ab itaque officiis. Officiis earum occaecati natus quibusdam. Nihil est facere soluta atque delectus rerum sit non. Quam impedit officiis nam fuga omnis dolore qui. Nemo magni eius aut.', 489, 0, 28, '2018-10-09 20:39:30', '2018-10-09 20:39:30'),
(19, 'perferendis', 'Molestiae nostrum quia et aut quo est delectus impedit. Aut voluptatem voluptas iste facilis voluptas vel. Blanditiis omnis optio voluptatem vero. Laudantium quisquam illo consequuntur non sapiente.', 603, 3, 18, '2018-10-09 20:39:30', '2018-10-09 20:39:30'),
(20, 'eum', 'Laudantium corrupti saepe aut aut blanditiis quos esse. Nihil rerum recusandae magni non omnis. Dolorum aliquam perferendis quis assumenda tempora at. Aperiam corporis aspernatur amet amet repellat aut.', 122, 8, 9, '2018-10-09 20:39:30', '2018-10-09 20:39:30'),
(21, 'voluptatem', 'Consequatur consequatur quia quibusdam qui. Perspiciatis est et odio sunt delectus fugit cum. Aliquam voluptatem voluptates quae dolor.', 984, 7, 15, '2018-10-09 20:39:30', '2018-10-09 20:39:30'),
(22, 'error', 'Tempore ut dignissimos inventore numquam iusto. Consequuntur et accusantium cumque sunt. Beatae aperiam eum reprehenderit quibusdam aut sed voluptatem.', 772, 1, 20, '2018-10-09 20:39:30', '2018-10-09 20:39:30'),
(23, 'expedita', 'Consectetur sed consequatur necessitatibus quo qui facilis enim. Sit officia aut dicta commodi labore corrupti quia. Ab perferendis nisi numquam placeat placeat. Nostrum ut molestiae quas sit quis eaque omnis.', 866, 5, 17, '2018-10-09 20:39:30', '2018-10-09 20:39:30'),
(24, 'tempora', 'Voluptatem velit ut qui quia dolor aut debitis. Ut voluptates quidem eum quia occaecati nostrum. Provident eveniet nobis perferendis explicabo hic pariatur eos. Quis facilis nam sunt.', 151, 7, 15, '2018-10-09 20:39:30', '2018-10-09 20:39:30'),
(25, 'animi', 'Sed aliquid odio ut voluptates sit recusandae rerum possimus. Similique veniam dolor natus asperiores.', 589, 1, 5, '2018-10-09 20:39:30', '2018-10-09 20:39:30'),
(26, 'fugit', 'Et ipsum est ducimus exercitationem accusamus atque voluptas. Cumque nobis quas recusandae consequatur natus corrupti officiis. Doloremque totam consequatur officia aut voluptatem ullam praesentium facilis.', 527, 1, 14, '2018-10-09 20:39:30', '2018-10-09 20:39:30'),
(27, 'eveniet', 'Beatae nemo expedita aliquid dolor hic quae quod quia. Illo qui eaque nihil ipsum incidunt maxime. Ipsa quo ut illo quos non voluptate ad. Et repellat est ipsa sit id quod. Ad quia cupiditate ullam quidem.', 993, 4, 2, '2018-10-09 20:39:30', '2018-10-09 20:39:30'),
(28, 'consequatur', 'Laboriosam iste et sapiente culpa eum. Distinctio illo ut ut et illum. Optio est alias et maiores. Sed et aliquam voluptas omnis illo neque magnam.', 927, 8, 4, '2018-10-09 20:39:30', '2018-10-09 20:39:30'),
(29, 'facere', 'Quaerat accusantium recusandae deserunt soluta soluta est. Tenetur et nisi aut deleniti sint soluta. Eos optio inventore nihil non velit ut tempore. Et officiis deleniti dolor qui consequatur. Et quasi et error.', 956, 9, 22, '2018-10-09 20:39:30', '2018-10-09 20:39:30'),
(30, 'aut', 'Et voluptatem voluptatum fugit rerum. Consequatur eveniet reiciendis voluptate officiis laudantium voluptates. Laborum ipsum vitae eveniet dolorem error sint. Expedita quis consectetur ullam vitae qui nulla.', 260, 2, 17, '2018-10-09 20:39:30', '2018-10-09 20:39:30'),
(31, 'consequatur', 'Vitae aut reiciendis aut impedit incidunt ad est. Voluptatibus autem ullam molestiae odio nesciunt vel. Voluptatem molestiae sit est corporis quia consequatur exercitationem.', 799, 0, 26, '2018-10-09 20:39:30', '2018-10-09 20:39:30'),
(32, 'ut', 'Fuga voluptas mollitia vel quidem nisi officiis minima. Nulla aut minus officiis ea dicta odio.', 408, 5, 8, '2018-10-09 20:39:30', '2018-10-09 20:39:30'),
(33, 'sint', 'Reprehenderit illo culpa quaerat et. Vero et qui nisi doloribus et aut ut. Veniam et et corporis dicta quis. Ut voluptatem autem rerum voluptatem cum numquam hic ullam.', 304, 7, 23, '2018-10-09 20:39:30', '2018-10-09 20:39:30'),
(34, 'labore', 'Qui dicta at et incidunt. Consectetur tempora expedita consequatur quia. Est modi dolores odit saepe voluptate et quos. Nemo repudiandae alias quos quis officia commodi.', 681, 4, 8, '2018-10-09 20:39:30', '2018-10-09 20:39:30'),
(35, 'consectetur', 'Non ullam sed accusantium suscipit. Alias distinctio earum mollitia odit optio dignissimos. Et est enim ut maiores qui est ea adipisci.', 383, 0, 22, '2018-10-09 20:39:30', '2018-10-09 20:39:30'),
(36, 'recusandae', 'Molestiae unde voluptates qui sunt. Praesentium non aut impedit eum nam in. Facere officia in officia ut et quo. Qui et distinctio quasi alias.', 886, 4, 14, '2018-10-09 20:39:30', '2018-10-09 20:39:30'),
(37, 'deleniti', 'Dolorem molestiae autem id soluta quam veritatis. Reprehenderit adipisci ad ut aliquid nihil.', 720, 0, 10, '2018-10-09 20:39:30', '2018-10-09 20:39:30'),
(38, 'maiores', 'Ut incidunt repudiandae id perspiciatis provident. Et veniam expedita dicta qui quia saepe. Sit fuga quo nobis deleniti non laudantium sint. Similique totam voluptas et fugiat beatae voluptatem qui.', 537, 2, 7, '2018-10-09 20:39:30', '2018-10-09 20:39:30'),
(39, 'assumenda', 'Enim deserunt ab rerum. Blanditiis ipsum nihil tempore sint. Et consequatur ipsum autem. Dolorem eius fugiat minus dolor.', 703, 4, 17, '2018-10-09 20:39:30', '2018-10-09 20:39:30'),
(40, 'voluptas', 'Quis non ab ipsa. Beatae reiciendis autem tempora et. Quidem quas velit vitae cum. Est voluptatem perspiciatis et dolor. Est quo cumque odit.', 473, 9, 24, '2018-10-09 20:39:30', '2018-10-09 20:39:30'),
(41, 'et', 'Fugit ex nesciunt dolore eos aut laudantium. Repellat magnam ea qui dolor ex dolorem. Veniam nam natus dolores fuga quam et illum.', 869, 3, 5, '2018-10-09 20:39:30', '2018-10-09 20:39:30'),
(42, 'numquam', 'Voluptates quia quis rerum voluptatem sed ut. Nihil ex quis molestiae molestiae voluptas ipsum rem voluptas. Neque beatae magni omnis. Blanditiis in ipsa reiciendis deserunt magnam sunt ipsa. Odio sed aspernatur suscipit quo et.', 698, 5, 25, '2018-10-09 20:39:30', '2018-10-09 20:39:30'),
(43, 'mollitia', 'Maiores eum rem ut recusandae voluptatem sit. Placeat labore maiores cum facere non corporis omnis. Repellat harum et aut praesentium.', 123, 6, 21, '2018-10-09 20:39:30', '2018-10-09 20:39:30'),
(44, 'velit', 'Reprehenderit quas beatae magni iste deleniti modi consequatur. Sit expedita dolores autem saepe et omnis. Illum recusandae ab qui quos esse sapiente nihil itaque.', 877, 4, 30, '2018-10-09 20:39:30', '2018-10-09 20:39:30'),
(45, 'minima', 'Doloribus optio quia cumque veniam sed autem. Neque aliquam provident aut voluptatem. Vel sunt est non cupiditate officiis. Facilis maiores porro dolores voluptas.', 622, 7, 24, '2018-10-09 20:39:30', '2018-10-09 20:39:30'),
(46, 'iusto', 'Ipsam reprehenderit nihil hic quo tenetur commodi vel. Fuga et illo nihil repudiandae autem quam sed. Sequi eos expedita ut. Laborum perspiciatis consequuntur qui nostrum et sed. Et sit laudantium sit rem est veniam aut molestiae.', 529, 3, 20, '2018-10-09 20:39:30', '2018-10-09 20:39:30'),
(47, 'magni', 'Optio doloribus totam veniam adipisci. Ut quisquam et eos et. Animi dolorum similique eum.', 574, 0, 5, '2018-10-09 20:39:30', '2018-10-09 20:39:30'),
(48, 'minus', 'Aperiam voluptates iure architecto corporis. Autem unde reiciendis tempora delectus omnis. Dolores expedita architecto aliquam.', 427, 9, 25, '2018-10-09 20:39:30', '2018-10-09 20:39:30'),
(49, 'amet', 'Est vel quo debitis cum beatae voluptates. Accusamus sunt at qui quis perferendis.', 499, 3, 12, '2018-10-09 20:39:30', '2018-10-09 20:39:30'),
(50, 'facere', 'Incidunt veniam minus debitis itaque adipisci et voluptatum. Veniam debitis ex a accusantium illum modi. Aspernatur iure error aperiam iure quia. Assumenda magnam eligendi veniam voluptatem voluptatibus.', 618, 7, 15, '2018-10-09 20:39:30', '2018-10-09 20:39:30'),
(51, 'veniam', 'Minima dolore nam dolorem rerum praesentium dolorem ad. Ut consequatur voluptatem nisi consectetur.', 418, 7, 10, '2018-10-09 20:40:29', '2018-10-09 20:40:29'),
(52, 'suscipit', 'Ab iure aliquid aut veritatis iure repudiandae qui. Rerum corporis ut hic eos tenetur. Sed culpa omnis at provident aut quia.', 542, 3, 3, '2018-10-09 20:40:29', '2018-10-09 20:40:29'),
(53, 'omnis', 'Autem voluptate commodi consequatur alias labore. Iusto magni quae voluptas dolor enim. Perspiciatis sint aut debitis impedit sit temporibus rerum. Cumque dolor fuga in blanditiis itaque autem.', 417, 3, 14, '2018-10-09 20:40:29', '2018-10-09 20:40:29'),
(54, 'magnam', 'Et nemo amet nihil libero mollitia cum assumenda. Id asperiores aspernatur suscipit atque voluptate quod impedit. Architecto vitae voluptas dolor illum tempore omnis.', 141, 4, 23, '2018-10-09 20:40:29', '2018-10-09 20:40:29'),
(55, 'necessitatibus', 'Et sint placeat eaque quam. Vero doloremque et et perferendis suscipit neque debitis vel. Pariatur explicabo quia voluptates placeat non saepe quod enim.', 460, 7, 14, '2018-10-09 20:40:29', '2018-10-09 20:40:29'),
(56, 'quos', 'Quo quasi cupiditate nostrum velit tempora deleniti ratione perferendis. Quae perferendis quis pariatur quia consequatur ipsam sequi. Iste reprehenderit eum magnam vero error sed ut voluptatem. Itaque qui excepturi deleniti dicta non nostrum accusamus.', 436, 8, 8, '2018-10-09 20:40:29', '2018-10-09 20:40:29'),
(57, 'facilis', 'Quidem rerum dicta distinctio vero fuga. Amet incidunt omnis nam expedita. Qui perspiciatis nemo officia repellat alias qui. Quo non cumque fugiat ducimus.', 513, 3, 30, '2018-10-09 20:40:29', '2018-10-09 20:40:29'),
(58, 'at', 'Ut suscipit optio ut dolores. Quia odit sit consequatur. Esse vel sint dicta et. Aut consequuntur pariatur omnis et sit ipsa possimus aliquam.', 217, 3, 29, '2018-10-09 20:40:29', '2018-10-09 20:40:29'),
(59, 'ex', 'Error eum soluta tempore qui tempora. Aut id quas veniam error numquam vero. Laborum sunt unde odit et. Sint incidunt qui placeat sed expedita.', 524, 9, 19, '2018-10-09 20:40:29', '2018-10-09 20:40:29'),
(60, 'facere', 'Laboriosam itaque neque ipsum et dolorem sequi. Fugit omnis odio et eos corrupti. Soluta culpa non aspernatur voluptatum nihil.', 872, 1, 11, '2018-10-09 20:40:29', '2018-10-09 20:40:29'),
(61, 'architecto', 'Doloribus deserunt asperiores corrupti totam voluptatem quia. Sit molestiae aut est quas distinctio voluptatem esse. Eos odio sit labore assumenda ut sint. Voluptas exercitationem sunt sunt tempore nihil iure fugiat.', 337, 1, 2, '2018-10-09 20:40:29', '2018-10-09 20:40:29'),
(62, 'quidem', 'Occaecati perspiciatis delectus aliquam. Praesentium aperiam quibusdam nihil qui. Accusantium optio nulla nihil est harum eveniet. Repellendus rerum quisquam libero earum necessitatibus omnis.', 121, 0, 13, '2018-10-09 20:40:29', '2018-10-09 20:40:29'),
(63, 'dignissimos', 'Omnis quis aut dolores amet dolorum. Delectus veritatis nam autem impedit magnam. Mollitia laboriosam facere eaque corporis laudantium ratione.', 554, 8, 4, '2018-10-09 20:40:29', '2018-10-09 20:40:29'),
(64, 'officiis', 'Voluptatem maxime aut omnis architecto. Voluptate at quia voluptatem repellat. Quod inventore nostrum qui reiciendis atque iste nam. Aspernatur molestiae rerum atque illum commodi accusamus. Natus unde qui impedit maiores dolores non totam.', 156, 0, 23, '2018-10-09 20:40:29', '2018-10-09 20:40:29'),
(65, 'fuga', 'Necessitatibus laudantium est sint illum dolor iste ut. Tenetur culpa iste eligendi accusantium doloribus molestiae molestiae. Sit earum fuga reiciendis nesciunt.', 772, 7, 7, '2018-10-09 20:40:29', '2018-10-09 20:40:29'),
(66, 'officia', 'Unde deleniti autem asperiores voluptas nulla. Molestias ea qui amet incidunt. A itaque quod voluptas et non velit repellendus illum. Aperiam non tenetur est ad praesentium cupiditate totam.', 964, 7, 20, '2018-10-09 20:40:29', '2018-10-09 20:40:29'),
(67, 'est', 'Tempore minima animi reprehenderit veniam. Assumenda in voluptate aspernatur id. Temporibus quisquam nemo consequuntur facere dolorem. Quis commodi perferendis vitae facilis dolores.', 808, 2, 13, '2018-10-09 20:40:29', '2018-10-09 20:40:29'),
(68, 'ut', 'Voluptatem dolores fuga distinctio ut vel. Velit eos fugit eum delectus. Vero voluptas autem distinctio soluta. Est voluptas quas earum minima et unde id.', 749, 6, 10, '2018-10-09 20:40:29', '2018-10-09 20:40:29'),
(69, 'id', 'Voluptatum aliquam dolorem quo vel. Et officiis facilis qui beatae tempora. Aut non tempora excepturi ut. Sit dolor ut velit ullam.', 981, 3, 10, '2018-10-09 20:40:29', '2018-10-09 20:40:29'),
(70, 'at', 'Eos qui voluptate excepturi aliquid et. Illum nesciunt ut laudantium. Voluptatem ad minus vero ea sit.', 161, 4, 16, '2018-10-09 20:40:29', '2018-10-09 20:40:29'),
(71, 'provident', 'Minima alias sed sunt tempore. Maiores sequi sapiente et similique ut nemo. Impedit quia sint officiis in non.', 831, 1, 22, '2018-10-09 20:40:29', '2018-10-09 20:40:29'),
(72, 'veniam', 'Quia distinctio reprehenderit quia exercitationem quibusdam accusantium quo quos. Ipsam id quisquam voluptas sed laboriosam et. Eaque est culpa sapiente illum nesciunt possimus.', 972, 8, 22, '2018-10-09 20:40:29', '2018-10-09 20:40:29'),
(73, 'maiores', 'Voluptatem voluptatem iste ab quo laborum. Eum similique quia ad. Sequi quia similique quae optio modi nemo ab. Sunt quia beatae itaque maiores earum. Aperiam nobis harum dolorem et officia modi reiciendis.', 429, 1, 26, '2018-10-09 20:40:29', '2018-10-09 20:40:29'),
(74, 'cumque', 'Repellendus consequatur voluptatibus vero nihil sunt iste qui. Sed doloremque ipsum mollitia sit dignissimos sapiente at. Reiciendis ex autem doloribus quos quasi nisi. Nobis incidunt voluptatem voluptatum at dolorem facilis. Non quia occaecati voluptas esse.', 889, 2, 28, '2018-10-09 20:40:29', '2018-10-09 20:40:29'),
(75, 'odio', 'Eveniet qui dolorem voluptatem impedit dolorem est. In incidunt magni eius aliquid et consequuntur repellat. Sit autem quibusdam quos laboriosam eum perspiciatis.', 319, 1, 16, '2018-10-09 20:40:29', '2018-10-09 20:40:29'),
(76, 'ipsam', 'Beatae architecto error ut aut nisi et ipsam. Expedita eos voluptate aut praesentium. Ex dolor odit ipsam nihil omnis ea a totam.', 935, 6, 16, '2018-10-09 20:40:29', '2018-10-09 20:40:29'),
(77, 'qui', 'Iure dolorem et aut. Et voluptas sequi dolores mollitia accusantium qui. Voluptatem et omnis suscipit qui eum possimus. Blanditiis repellendus a eveniet nisi.', 471, 5, 19, '2018-10-09 20:40:29', '2018-10-09 20:40:29'),
(78, 'labore', 'Ad rerum quidem distinctio accusantium ad minus. Voluptas et sed sint itaque ratione dolorum quae. Nesciunt dolorem illo et a.', 141, 8, 6, '2018-10-09 20:40:29', '2018-10-09 20:40:29'),
(79, 'eaque', 'Qui et et eos aut aut. Consectetur dolorem sunt magnam culpa et sed et placeat. Ipsum corporis ut aperiam dolor ex necessitatibus sit quae. Aspernatur et velit quis repellat molestiae.', 947, 8, 21, '2018-10-09 20:40:29', '2018-10-09 20:40:29'),
(80, 'quos', 'Inventore sit consequuntur et sint rerum ut. Quam dolorem provident expedita aperiam ut ab quam. Ad sapiente saepe ea recusandae.', 123, 4, 20, '2018-10-09 20:40:29', '2018-10-09 20:40:29'),
(81, 'voluptas', 'Autem id id rerum. Ut est dolorem nemo laboriosam. Eum quasi modi voluptas illum illo neque. Expedita possimus magnam blanditiis sint ut dolor.', 705, 2, 6, '2018-10-09 20:40:29', '2018-10-09 20:40:29'),
(82, 'inventore', 'Voluptate facilis non ut ex. Aut laboriosam assumenda ipsum reprehenderit consequuntur placeat sunt. Nihil et sunt qui qui. Placeat laboriosam eos sunt eius aspernatur ut consequatur atque. Recusandae consequuntur aut ipsam fugit.', 215, 3, 13, '2018-10-09 20:40:29', '2018-10-09 20:40:29'),
(83, 'et', 'Rerum est vitae soluta vel. Cumque consequatur libero illum occaecati. Aut ea iusto nisi vel et. Officia quis iste facilis beatae corporis alias veritatis maiores.', 443, 8, 29, '2018-10-09 20:40:29', '2018-10-09 20:40:29'),
(84, 'quo', 'Alias consequuntur quos adipisci velit nisi. Assumenda illum ratione pariatur praesentium quisquam. Necessitatibus nesciunt natus distinctio accusamus quidem non quis.', 488, 8, 21, '2018-10-09 20:40:29', '2018-10-09 20:40:29'),
(85, 'facilis', 'Et qui voluptates eum ut dolorum dolorum. Ut est sit dignissimos soluta sed facilis facilis ea. Quia id molestiae corrupti quia. Molestiae veniam et commodi optio deleniti et omnis qui. Tempore voluptatem ut vero qui ipsa impedit maxime.', 142, 8, 13, '2018-10-09 20:40:29', '2018-10-09 20:40:29'),
(86, 'maiores', 'Sed facilis labore cupiditate at excepturi enim. Accusamus perferendis et autem tenetur repellat cumque velit. Aut itaque velit rem quas.', 703, 3, 17, '2018-10-09 20:40:29', '2018-10-09 20:40:29'),
(87, 'assumenda', 'Ea sunt facilis aut at natus aut sed rerum. Provident quod expedita at repellat consequatur ut ea. Id vel minus odio repellat autem omnis.', 323, 7, 8, '2018-10-09 20:40:29', '2018-10-09 20:40:29'),
(88, 'et', 'Dicta sequi autem est reiciendis assumenda quasi. Mollitia aspernatur soluta esse et rerum asperiores. Non amet ab consequatur ut eius. Qui quae unde aliquam illum possimus.', 914, 1, 29, '2018-10-09 20:40:29', '2018-10-09 20:40:29'),
(89, 'repellendus', 'Esse rem ut nemo sed maxime nostrum. Laborum facilis hic aut voluptates ratione sunt. Iusto laudantium et nihil reprehenderit maiores.', 145, 9, 29, '2018-10-09 20:40:29', '2018-10-09 20:40:29'),
(90, 'iure', 'Minus ex deleniti error. Quia voluptatem voluptatem vel incidunt est qui. Ipsam aut non ut velit illo.', 543, 2, 13, '2018-10-09 20:40:29', '2018-10-09 20:40:29'),
(91, 'ut', 'Voluptatum voluptatem et atque aut. Quia nihil explicabo unde sunt est ducimus ea.', 430, 5, 14, '2018-10-09 20:40:29', '2018-10-09 20:40:29'),
(92, 'ut', 'Sequi autem autem dolores officia ut ut placeat soluta. Accusamus molestiae dicta itaque aliquam. Aspernatur voluptas perferendis soluta natus voluptates quae maxime consequatur. In labore optio veritatis et eligendi ipsam quam eum.', 310, 0, 11, '2018-10-09 20:40:29', '2018-10-09 20:40:29'),
(93, 'hic', 'Corrupti libero quas est est ducimus. Dolor accusantium non animi perferendis autem autem. Tempora molestiae voluptas odit est est asperiores. Ullam ut aliquid possimus et sequi nemo aut tempora. Voluptate facere at omnis quas rerum doloremque.', 524, 2, 8, '2018-10-09 20:40:29', '2018-10-09 20:40:29'),
(94, 'reprehenderit', 'Eius voluptas sed hic iste qui corporis. Et autem rerum quo ratione. Id praesentium autem quis animi vel ut temporibus qui.', 366, 6, 22, '2018-10-09 20:40:29', '2018-10-09 20:40:29'),
(95, 'alias', 'Ipsam veritatis corrupti doloremque provident non quis. Atque porro architecto ratione in aperiam. Consequuntur maiores et perspiciatis id tempore fugit sequi.', 912, 4, 24, '2018-10-09 20:40:29', '2018-10-09 20:40:29'),
(96, 'tempore', 'Corrupti praesentium vel et explicabo et. Dolor odio est consectetur culpa sint ex repellat inventore. Ad possimus exercitationem cumque.', 416, 4, 30, '2018-10-09 20:40:29', '2018-10-09 20:40:29'),
(97, 'optio', 'Voluptatem in ad atque quam delectus et. Tenetur itaque blanditiis nemo quod quis. Nemo exercitationem nesciunt rerum molestiae ipsum sequi ducimus.', 550, 9, 14, '2018-10-09 20:40:29', '2018-10-09 20:40:29'),
(98, 'iste', 'Reiciendis cumque architecto id illo iure quasi. Amet aliquid voluptatem qui molestias omnis. Incidunt mollitia fugiat repellendus quod iusto beatae.', 567, 0, 18, '2018-10-09 20:40:29', '2018-10-09 20:40:29'),
(99, 'maiores', 'Culpa labore nisi ut et culpa rem. Quibusdam modi ut rerum maiores perferendis quod aliquam. Ea dolorem assumenda repellat et.', 648, 9, 18, '2018-10-09 20:40:29', '2018-10-09 20:40:29'),
(100, 'vel', 'Aut sequi doloremque ratione ea hic. Ullam quae iure voluptatum in eum quae. Quisquam ipsum sunt maxime architecto.', 907, 1, 28, '2018-10-09 20:40:29', '2018-10-09 20:40:29'),
(101, 'quos', 'Error et dolorem dolorum a quam aut. Facere odio aut iste laboriosam rerum. Tempore reiciendis ipsam non. Aspernatur atque est cumque nobis dignissimos illo.', 172, 9, 22, '2018-10-09 20:41:10', '2018-10-09 20:41:10'),
(102, 'eveniet', 'Id at eligendi necessitatibus id. Iure aperiam laborum voluptas odio molestiae voluptatem. Consequatur et sunt fugit accusantium sint.', 929, 1, 4, '2018-10-09 20:41:10', '2018-10-09 20:41:10'),
(103, 'sint', 'Magni voluptatem aliquid aut aut quia rerum sapiente. Dolorem amet possimus qui dolor hic quo et. Accusantium nulla quia maxime dolores quod optio similique omnis. Officia necessitatibus saepe velit ut.', 590, 7, 14, '2018-10-09 20:41:10', '2018-10-09 20:41:10'),
(104, 'blanditiis', 'Non asperiores nemo molestias nemo dignissimos voluptatem est provident. Non aut aut nam. Numquam et consequatur cupiditate corrupti amet qui nostrum. Optio soluta autem inventore magni. Nihil consequatur autem omnis alias et aspernatur illum qui.', 679, 5, 26, '2018-10-09 20:41:10', '2018-10-09 20:41:10'),
(105, 'iure', 'Reiciendis et in et iure. Blanditiis totam sint aliquid facilis exercitationem corrupti necessitatibus. Sed necessitatibus cumque velit tempora qui facilis explicabo. Ducimus unde quis itaque.', 659, 4, 2, '2018-10-09 20:41:10', '2018-10-09 20:41:10'),
(106, 'qui', 'Nobis minus sint accusamus ut sint. Rerum laudantium et exercitationem in veritatis. Ipsam in alias soluta voluptatibus id.', 555, 4, 15, '2018-10-09 20:41:10', '2018-10-09 20:41:10'),
(107, 'nostrum', 'Recusandae possimus sunt modi recusandae. Autem odit eaque fuga consequatur expedita. Quia possimus qui esse aut sed sunt quas consectetur. Expedita dolor quis veritatis esse.', 957, 5, 28, '2018-10-09 20:41:10', '2018-10-09 20:41:10'),
(108, 'laboriosam', 'Veniam dolorem et odit itaque autem cum. Illo omnis ut ipsa sapiente.', 856, 3, 5, '2018-10-09 20:41:10', '2018-10-09 20:41:10'),
(109, 'eius', 'Doloremque veniam id modi numquam sit quaerat cumque. Optio totam iusto dolor voluptate numquam. Quidem ut officia numquam asperiores. Consequuntur nisi illo ut. Vitae dolore ducimus est et.', 150, 4, 29, '2018-10-09 20:41:10', '2018-10-09 20:41:10'),
(110, 'adipisci', 'Aliquid dicta labore nisi dolor minus occaecati repellat. Cupiditate iste voluptatum porro et cumque. Animi et repellendus placeat cumque deserunt.', 412, 2, 15, '2018-10-09 20:41:10', '2018-10-09 20:41:10'),
(111, 'soluta', 'Modi est sit perferendis ex aut laudantium reprehenderit rerum. Dolorem aut earum doloribus aut quia consectetur dolores. Eos dolor expedita vitae voluptate doloremque tenetur minus dolores. Libero mollitia quod quia cum.', 584, 3, 9, '2018-10-09 20:41:10', '2018-10-09 20:41:10'),
(112, 'necessitatibus', 'Debitis dolore omnis similique quia. Ea amet et nostrum. Expedita aut enim expedita repudiandae. Inventore quibusdam ex corporis temporibus.', 596, 4, 27, '2018-10-09 20:41:10', '2018-10-09 20:41:10'),
(113, 'iusto', 'Corrupti veniam soluta at distinctio natus ipsa. Qui perferendis delectus tempore doloribus numquam consequatur. Atque asperiores impedit alias fugit aliquid neque dolorum.', 593, 8, 12, '2018-10-09 20:41:10', '2018-10-09 20:41:10'),
(114, 'dolorem', 'Vel voluptates esse dolorem incidunt ex delectus. Sapiente adipisci non nihil nostrum aut. Voluptatem libero excepturi ut corrupti accusantium. Ad ut aut sapiente veniam dolores.', 313, 3, 5, '2018-10-09 20:41:10', '2018-10-09 20:41:10'),
(115, 'reprehenderit', 'Et molestiae occaecati et molestias tempora. Et aut animi voluptate. Eveniet et consequatur nesciunt provident quia adipisci ea non. Id esse dolore quia sapiente corporis aliquam quod. Distinctio temporibus soluta voluptas illo quod hic voluptatibus.', 163, 1, 3, '2018-10-09 20:41:10', '2018-10-09 20:41:10'),
(116, 'voluptatem', 'Et ex minus qui quam. Porro est quis dolorem. Aspernatur necessitatibus dolorem impedit sed ex. Eius autem sapiente repellendus rerum aliquid veniam.', 790, 4, 5, '2018-10-09 20:41:10', '2018-10-09 20:41:10'),
(117, 'dolores', 'Repellat vel officia et minima consequuntur dolores. Autem voluptatibus labore ut. Vel ut qui sapiente totam nemo. Omnis fuga deleniti voluptates rerum nam.', 644, 4, 10, '2018-10-09 20:41:10', '2018-10-09 20:41:10'),
(118, 'quo', 'Voluptatem suscipit eius assumenda. Nam quas expedita sed harum. A quia velit voluptatem. Beatae quasi blanditiis eveniet aliquam adipisci.', 984, 3, 19, '2018-10-09 20:41:10', '2018-10-09 20:41:10'),
(119, 'consequatur', 'Autem porro vitae vero. Aliquid excepturi ullam dolor id unde. Praesentium animi consequuntur itaque. Omnis rerum quos mollitia.', 452, 1, 3, '2018-10-09 20:41:10', '2018-10-09 20:41:10'),
(120, 'distinctio', 'Iusto ut non autem dolores incidunt. Et delectus est voluptatem tempora nesciunt velit ut. Quibusdam rem consectetur dicta vero. Odio consectetur dolor molestias minima dicta quo unde.', 574, 1, 26, '2018-10-09 20:41:10', '2018-10-09 20:41:10'),
(121, 'dolores', 'Iure qui consectetur ut tempora repellat. Id sequi quas inventore voluptatum unde accusamus. Velit hic illum sunt reiciendis ut in est. Ab atque molestias consequuntur.', 293, 5, 23, '2018-10-09 20:41:10', '2018-10-09 20:41:10'),
(122, 'numquam', 'Sit fuga ullam quas autem ut molestias et. Ducimus tempora at qui. Tempore et autem error quis tempore iste quo suscipit. Enim quod qui non quaerat aspernatur autem. In et adipisci quo error optio.', 273, 2, 3, '2018-10-09 20:41:10', '2018-10-09 20:41:10'),
(123, 'autem', 'Facere sint dolorum rerum ad molestias porro. Vel maxime consequatur inventore dolores non aliquid. Laborum eos id eum doloribus. Tempore ea eius ab aperiam iusto quo ea.', 116, 4, 26, '2018-10-09 20:41:10', '2018-10-09 20:41:10'),
(124, 'accusantium', 'Ratione nihil veniam quae earum ad. Nulla repudiandae quia reprehenderit excepturi laudantium quod. Excepturi quod repellendus eius et fugit. Id exercitationem quis non ea.', 970, 1, 10, '2018-10-09 20:41:10', '2018-10-09 20:41:10'),
(125, 'rerum', 'Temporibus unde accusantium quaerat aut dolores. Aut numquam nam quod sapiente architecto doloribus. Ut fuga sint modi eum ut dolor.', 902, 5, 8, '2018-10-09 20:41:10', '2018-10-09 20:41:10'),
(126, 'debitis', 'Amet voluptas aperiam fuga natus. Expedita eos et et non quia nulla ratione. Officia odit est dignissimos temporibus asperiores.', 270, 8, 28, '2018-10-09 20:41:10', '2018-10-09 20:41:10'),
(127, 'rerum', 'Qui molestiae omnis perferendis vel enim delectus. Harum eum aliquid qui distinctio nisi ipsum est. Tempora sint placeat numquam odit.', 455, 6, 29, '2018-10-09 20:41:10', '2018-10-09 20:41:10'),
(128, 'sed', 'Quo cupiditate enim est veritatis. Dolorem facilis numquam deserunt quia. Aut aliquid quia tempore. Tempore ut veniam iure.', 286, 9, 28, '2018-10-09 20:41:10', '2018-10-09 20:41:10'),
(129, 'doloremque', 'Rerum nihil iure minus. Voluptatem voluptatem quibusdam praesentium. Dolorem totam atque illum. Ab sed sit est rerum voluptatum ut.', 798, 0, 27, '2018-10-09 20:41:10', '2018-10-09 20:41:10'),
(130, 'voluptas', 'Molestias dolores quibusdam facilis est. Accusantium in vel voluptatem sequi autem. Eius perferendis ut est ipsa accusamus ut.', 605, 4, 11, '2018-10-09 20:41:10', '2018-10-09 20:41:10'),
(131, 'eaque', 'Est blanditiis et velit quis et aut eius. Dignissimos dignissimos quia nam corporis corrupti exercitationem quibusdam. Ut est tempore nam nam.', 956, 4, 24, '2018-10-09 20:41:10', '2018-10-09 20:41:10'),
(132, 'sit', 'Et et consequuntur minima magni rem. Possimus porro facere laudantium corporis inventore aut ad. Aut consequatur et est delectus sequi et ea omnis. Porro deserunt neque sunt eveniet doloribus velit facere.', 511, 8, 21, '2018-10-09 20:41:10', '2018-10-09 20:41:10'),
(133, 'saepe', 'Fugiat necessitatibus consequatur quod debitis laboriosam ut. Laboriosam officia aut non. Quo facilis unde dicta facere aperiam eveniet officia. Dignissimos debitis consequuntur autem voluptatem sit. Quibusdam pariatur possimus dicta aut perspiciatis.', 936, 5, 16, '2018-10-09 20:41:10', '2018-10-09 20:41:10'),
(134, 'odio', 'Et inventore quia aut qui nihil consequuntur. Asperiores non dolor nesciunt excepturi. Magnam id qui repudiandae sit.', 443, 0, 12, '2018-10-09 20:41:10', '2018-10-09 20:41:10'),
(135, 'eveniet', 'Consequatur illum sunt totam similique sint magni suscipit. Deleniti omnis reprehenderit dolor aliquid porro. Culpa maxime sequi quod sapiente earum et consequatur.', 575, 8, 20, '2018-10-09 20:41:10', '2018-10-09 20:41:10'),
(136, 'facilis', 'Aut nemo nisi ducimus officiis odio soluta. Deleniti corrupti nesciunt minus veniam. Est ipsa sint voluptatum totam eum placeat culpa. Veritatis et autem voluptas quis aspernatur est non autem.', 232, 2, 21, '2018-10-09 20:41:10', '2018-10-09 20:41:10'),
(137, 'a', 'Ipsum nesciunt distinctio non saepe sint dolorum facilis non. A sit corporis omnis. Est et reiciendis voluptatem a autem modi.', 513, 5, 22, '2018-10-09 20:41:10', '2018-10-09 20:41:10'),
(138, 'deleniti', 'Tempora id dolorem occaecati consequatur doloremque harum. Debitis sit explicabo placeat qui dolores expedita dolores ut. Harum blanditiis molestiae laborum perspiciatis tenetur nemo ipsa. Voluptate id est alias omnis fugit molestiae.', 873, 2, 29, '2018-10-09 20:41:10', '2018-10-09 20:41:10'),
(139, 'voluptas', 'Magni libero recusandae ab impedit sed. Aut et voluptatem consequatur nesciunt quaerat. Magni dolores et asperiores quia cum adipisci.', 192, 8, 5, '2018-10-09 20:41:10', '2018-10-09 20:41:10'),
(140, 'ipsum', 'Nihil tempora fugiat consequatur. Cupiditate et placeat aut aliquam ratione incidunt. Blanditiis aliquam sunt quia recusandae delectus et.', 661, 5, 3, '2018-10-09 20:41:10', '2018-10-09 20:41:10'),
(141, 'odit', 'Commodi hic deserunt laudantium labore facilis. Facere occaecati modi soluta neque nobis. Quos et nesciunt voluptas ab.', 270, 0, 25, '2018-10-09 20:41:10', '2018-10-09 20:41:10'),
(142, 'unde', 'Quaerat ipsa et neque placeat commodi. Dolor nemo qui voluptas omnis necessitatibus molestias et commodi.', 403, 6, 6, '2018-10-09 20:41:10', '2018-10-09 20:41:10'),
(143, 'voluptatem', 'Beatae sunt atque nulla ex. Facere numquam eaque provident harum. Laudantium accusamus aliquam ea molestias. Vero esse magnam et qui alias. Quisquam suscipit et quaerat quidem quis.', 123, 4, 2, '2018-10-09 20:41:10', '2018-10-09 20:41:10'),
(144, 'laboriosam', 'Ratione odit sed dolorem autem est quo voluptas. Odio sint consequatur odio rem deserunt dolor. Recusandae est tempore sit debitis exercitationem dolor fuga.', 933, 2, 29, '2018-10-09 20:41:10', '2018-10-09 20:41:10'),
(145, 'placeat', 'Non temporibus ut quas quae qui. Eum atque aut occaecati ut eos aut velit magnam. Ab a eos ducimus id voluptatem. Ut et expedita est a ex aliquam.', 292, 6, 25, '2018-10-09 20:41:10', '2018-10-09 20:41:10'),
(146, 'magnam', 'Aut est veniam autem sed unde laboriosam ut consequatur. Quia veritatis necessitatibus qui nesciunt est. Repellendus dolorem aliquid fuga et rerum.', 720, 9, 2, '2018-10-09 20:41:10', '2018-10-09 20:41:10'),
(147, 'voluptatem', 'Reiciendis omnis vel omnis a nesciunt. Atque corporis quidem numquam doloribus natus. Et sequi sit esse et amet et. Animi eveniet quia et sit.', 976, 2, 23, '2018-10-09 20:41:10', '2018-10-09 20:41:10'),
(148, 'est', 'Nobis expedita ut fugit quis nobis quia est. Omnis nam unde dignissimos. Ratione saepe dicta maxime reprehenderit.', 803, 5, 8, '2018-10-09 20:41:10', '2018-10-09 20:41:10'),
(149, 'quo', 'Quo voluptas quam at sit. Nobis hic ut eum saepe minima. Voluptates ratione nesciunt est sit laudantium. Facere sapiente tenetur quisquam similique.', 702, 5, 18, '2018-10-09 20:41:10', '2018-10-09 20:41:10'),
(150, 'ut', 'Corrupti voluptate et fugit quis sed et. Ut aliquid et distinctio est et aut. Aperiam et recusandae et possimus. Autem pariatur voluptates ut porro voluptatem.', 206, 9, 20, '2018-10-09 20:41:10', '2018-10-09 20:41:10');

-- --------------------------------------------------------

--
-- Table structure for table `reviews`
--

CREATE TABLE `reviews` (
  `id` int(10) UNSIGNED NOT NULL,
  `product_id` int(10) UNSIGNED NOT NULL,
  `customer` varchar(255) COLLATE utf8mb4_unicode_ci NOT NULL,
  `review` text COLLATE utf8mb4_unicode_ci NOT NULL,
  `star` int(11) NOT NULL,
  `created_at` timestamp NULL DEFAULT NULL,
  `updated_at` timestamp NULL DEFAULT NULL
) ENGINE=InnoDB DEFAULT CHARSET=utf8mb4 COLLATE=utf8mb4_unicode_ci;

--
-- Dumping data for table `reviews`
--

INSERT INTO `reviews` (`id`, `product_id`, `customer`, `review`, `star`, `created_at`, `updated_at`) VALUES
(1, 20, 'Katelynn Leuschke', 'Reiciendis quis facere consectetur omnis iste autem unde ab. Ut quae voluptatem illum non consequatur voluptates alias.', 5, '2018-10-09 20:41:10', '2018-10-09 20:41:10'),
(2, 138, 'Priscilla McDermott', 'Impedit ex sit quasi enim harum vero. Natus voluptas nihil eveniet quo maiores deleniti. Tempora quas ea et voluptas voluptatem minus culpa.', 2, '2018-10-09 20:41:10', '2018-10-09 20:41:10'),
(3, 36, 'Dr. Ruby Leuschke', 'Nemo maxime qui incidunt unde id voluptatibus. Et magni eos autem temporibus quaerat atque. Rerum eligendi sapiente illo.', 3, '2018-10-09 20:41:10', '2018-10-09 20:41:10'),
(4, 39, 'Karolann Huels', 'Quibusdam voluptatum quis soluta esse. Ea voluptate rem at eos corrupti velit. Quam laboriosam molestiae maiores perspiciatis.', 5, '2018-10-09 20:41:10', '2018-10-09 20:41:10'),
(5, 119, 'Alexane Schmeler Sr.', 'Dolores exercitationem voluptatem doloribus ut. Tempore placeat animi et doloremque doloribus vel aut. Ratione dignissimos voluptatem est.', 5, '2018-10-09 20:41:10', '2018-10-09 20:41:10'),
(6, 11, 'Gust Becker Jr.', 'Laboriosam dolorem error fugit quibusdam. Doloremque qui et ipsa magnam exercitationem et. Cum voluptatibus esse tempore corporis rerum. Esse eius aspernatur aut quibusdam aut possimus quas. Et ex sint asperiores nihil nihil non illum.', 1, '2018-10-09 20:41:10', '2018-10-09 20:41:10'),
(7, 78, 'Mr. Rolando Bogisich V', 'Voluptates qui quibusdam nam facilis. Facilis quam velit aut dolorem nulla tempora enim quia. Assumenda culpa dolores deserunt unde cumque. Quasi consequatur sequi omnis veniam.', 4, '2018-10-09 20:41:10', '2018-10-09 20:41:10'),
(8, 71, 'Pearl Graham', 'Quisquam consequuntur est aliquam maxime placeat recusandae laboriosam. Totam impedit numquam fugiat distinctio quis ut. Accusantium sed dicta est voluptatem quidem.', 5, '2018-10-09 20:41:10', '2018-10-09 20:41:10'),
(9, 10, 'Mrs. Sincere Larkin DDS', 'Maxime sunt sed sit voluptas sunt quidem at sunt. Molestias neque nulla sit cumque. Neque deserunt et nulla et ipsa error odio.', 3, '2018-10-09 20:41:10', '2018-10-09 20:41:10'),
(10, 61, 'Libbie Bernhard DVM', 'Aut fugiat magni praesentium recusandae laboriosam. Tempore nostrum voluptatem impedit sunt ut. Eum aut ut vel aut.', 2, '2018-10-09 20:41:10', '2018-10-09 20:41:10'),
(11, 135, 'Angel Price DDS', 'Voluptas tempore totam velit sunt. Quod quasi magnam rem non. Repudiandae est rerum saepe repudiandae reiciendis consequuntur vitae. Qui facilis eaque dolorum et qui.', 2, '2018-10-09 20:41:10', '2018-10-09 20:41:10'),
(12, 3, 'Roma Casper', 'Porro perferendis corrupti amet fuga. Qui est ad quia occaecati aut quia eos. Dolores non nam optio qui explicabo deserunt atque.', 2, '2018-10-09 20:41:10', '2018-10-09 20:41:10'),
(13, 114, 'Elsa Cummerata', 'Odio aut hic accusantium rerum ex magnam. Dignissimos dolor tempora asperiores voluptatem nam et corrupti. Est eligendi doloribus delectus dolorem voluptas aliquid. Reprehenderit laboriosam laudantium est alias ea dolores.', 2, '2018-10-09 20:41:10', '2018-10-09 20:41:10'),
(14, 108, 'Beryl Doyle I', 'Vero nam distinctio officia similique in necessitatibus repellat. Voluptatem atque placeat soluta sunt libero doloremque. Et optio nulla eos et culpa dicta doloribus. Veniam velit beatae tempora quia facilis in.', 0, '2018-10-09 20:41:10', '2018-10-09 20:41:10'),
(15, 9, 'Brody Dietrich', 'Dolores ea ipsa rerum voluptas fugit at. Qui recusandae veniam architecto et itaque atque tempore dolores. Dolor aut assumenda quia dolorum animi rem. Aut omnis qui voluptatibus perspiciatis. Debitis nihil repellendus excepturi fuga.', 0, '2018-10-09 20:41:10', '2018-10-09 20:41:10'),
(16, 75, 'Allison Purdy IV', 'Veritatis ad iusto aut quod. Accusantium dolores minus ut dolor minima et. Iusto et necessitatibus cupiditate dolores. In iste praesentium provident cum quia.', 5, '2018-10-09 20:41:10', '2018-10-09 20:41:10'),
(17, 75, 'Yadira Walsh', 'Sunt at consequatur voluptas. Eveniet odit a voluptatem dignissimos quasi mollitia a. Suscipit dolor aut ut animi voluptatum illum.', 4, '2018-10-09 20:41:10', '2018-10-09 20:41:10'),
(18, 95, 'Mr. Myron Botsford', 'Quas corrupti quibusdam nemo delectus magnam. Enim veritatis neque aliquam deleniti in et ea. Exercitationem dolor distinctio deleniti iure accusantium commodi. Molestiae architecto pariatur quia autem voluptatibus.', 4, '2018-10-09 20:41:10', '2018-10-09 20:41:10'),
(19, 36, 'Derek Wehner', 'Adipisci sed illum autem eligendi aliquid. Facere aut vero voluptatem dolor pariatur ipsa. Natus nesciunt asperiores est.', 5, '2018-10-09 20:41:10', '2018-10-09 20:41:10'),
(20, 139, 'Eryn Kuhic II', 'Quae ut deserunt occaecati. Iusto voluptas magni sunt omnis ut velit consectetur.', 3, '2018-10-09 20:41:10', '2018-10-09 20:41:10'),
(21, 75, 'Gabe Marks II', 'Sunt culpa qui accusamus dolores sequi ipsa. Odio a consectetur placeat et. Vitae est veritatis veritatis iste quidem aliquam molestiae. In iste odit nam est.', 3, '2018-10-09 20:41:10', '2018-10-09 20:41:10'),
(22, 97, 'Freida Dare', 'Enim quam iure et optio nostrum numquam. Veritatis id quis animi laudantium alias quae explicabo. Dignissimos eos aut nesciunt omnis reiciendis quia neque.', 4, '2018-10-09 20:41:10', '2018-10-09 20:41:10'),
(23, 91, 'Mr. Erling Glover PhD', 'Debitis ea omnis unde quos sapiente quae temporibus recusandae. Dignissimos rem iusto aut dolores sunt.', 3, '2018-10-09 20:41:10', '2018-10-09 20:41:10'),
(24, 1, 'Mr. Norberto Mills', 'Eius iure libero molestiae animi molestias minima. Possimus eligendi illum dolorem mollitia deserunt ut iusto.', 3, '2018-10-09 20:41:10', '2018-10-09 20:41:10'),
(25, 80, 'Phyllis Koepp', 'Et sequi eaque et esse non. Nisi mollitia ut sit quia. Debitis reiciendis quos vitae provident aut. Est quis quod et est.', 0, '2018-10-09 20:41:10', '2018-10-09 20:41:10'),
(26, 86, 'Shawn Bogan', 'Vel repellat a et. Nemo ut beatae enim. Tempora dolore ipsum laboriosam. Et omnis voluptas iusto natus est ad nihil.', 4, '2018-10-09 20:41:10', '2018-10-09 20:41:10'),
(27, 10, 'Malika Conn III', 'Dolore sit ut delectus. Est iure corporis ullam. Dolorem provident illo in at et exercitationem quia.', 2, '2018-10-09 20:41:10', '2018-10-09 20:41:10'),
(28, 89, 'Alexandrine Rolfson DVM', 'Quos harum recusandae et vitae quasi. Omnis soluta qui est qui sint pariatur rerum asperiores. Sint deserunt ipsum dolores et consequatur fugit. Illo totam magni nihil non tenetur.', 2, '2018-10-09 20:41:10', '2018-10-09 20:41:10'),
(29, 70, 'Trenton Towne', 'Deleniti sunt dolor quos modi sint. Culpa voluptatem voluptas dolores amet reiciendis repellat accusantium. Cum hic laborum tempora fugiat vero. Itaque illum eligendi consectetur et voluptatem dolor dolor. Animi expedita laborum non distinctio eaque quod est.', 2, '2018-10-09 20:41:10', '2018-10-09 20:41:10'),
(30, 76, 'Joyce Klocko III', 'Ipsam est fugit nostrum eligendi enim nihil. Corporis autem laboriosam inventore.', 5, '2018-10-09 20:41:10', '2018-10-09 20:41:10'),
(31, 51, 'Dr. Tom Green', 'Harum nam id corrupti non voluptas deleniti et. Saepe sed sit minus et consequatur minima consequuntur consectetur. Voluptatem laudantium voluptatem soluta autem reprehenderit pariatur molestiae. Blanditiis eaque explicabo voluptate officiis cupiditate cumque provident ullam.', 2, '2018-10-09 20:41:10', '2018-10-09 20:41:10'),
(32, 84, 'Ernesto Kassulke', 'Saepe voluptas repellendus dolores fuga. Et dolorem commodi reiciendis. Consectetur dolore magnam exercitationem ea incidunt corrupti quis.', 1, '2018-10-09 20:41:10', '2018-10-09 20:41:10'),
(33, 29, 'Arvilla Hoeger', 'Molestiae facilis quis non recusandae at quaerat. Aut tempore voluptatibus perspiciatis doloremque. Aut quo qui aspernatur et consequatur est dolorem. Occaecati vitae iste ex rerum quidem est.', 3, '2018-10-09 20:41:10', '2018-10-09 20:41:10'),
(34, 134, 'Mr. Brook Lowe', 'Aut repellendus numquam minima quidem reiciendis quibusdam aut similique. Earum vitae sed earum voluptas sed.', 5, '2018-10-09 20:41:10', '2018-10-09 20:41:10'),
(35, 55, 'Prof. Odell Torp', 'Qui officiis maxime necessitatibus dicta magni esse. Dicta distinctio non unde voluptatem laboriosam sint vel. Nesciunt libero harum similique dolor. Nam nostrum eaque nam optio vero eligendi.', 5, '2018-10-09 20:41:10', '2018-10-09 20:41:10'),
(36, 20, 'Gretchen Goyette', 'Omnis sed dolor aut suscipit expedita. Et architecto ipsum et quo autem. Labore eos corrupti iste exercitationem laborum.', 5, '2018-10-09 20:41:10', '2018-10-09 20:41:10'),
(37, 31, 'Iliana Jacobson', 'Et ipsa minus odio cupiditate vel. Amet et saepe voluptatem et. Qui perferendis expedita nesciunt tempore inventore vitae alias reiciendis. Veritatis voluptas aut et repellendus dicta repudiandae porro.', 0, '2018-10-09 20:41:10', '2018-10-09 20:41:10'),
(38, 24, 'Rocky Osinski', 'Eum quis velit est qui dolorem ullam harum. Aut ad et rerum inventore. Quia porro esse et ullam quis distinctio nisi.', 5, '2018-10-09 20:41:10', '2018-10-09 20:41:10'),
(39, 16, 'Mrs. Colleen Padberg', 'Fuga consequatur ut et quos sapiente. Quasi aut quas molestiae ratione optio. Voluptas inventore quia rerum ut reiciendis exercitationem quam excepturi. Consequatur adipisci eos ipsum aut quia omnis consequatur.', 0, '2018-10-09 20:41:10', '2018-10-09 20:41:10'),
(40, 113, 'Oran Ritchie', 'Voluptate velit deleniti natus quam iste eius aut. Mollitia voluptatem quam earum nobis. Magni et quia consequuntur beatae dolores. Delectus repellat voluptas in dolorem nihil velit numquam. Totam quia at sunt magnam saepe dolores cupiditate.', 5, '2018-10-09 20:41:10', '2018-10-09 20:41:10'),
(41, 16, 'Prof. Damien Lind IV', 'Quas minima debitis necessitatibus numquam magni beatae animi cum. Eligendi animi quia dicta ullam aperiam mollitia et. Tempora magnam quia ut itaque quae nulla.', 0, '2018-10-09 20:41:10', '2018-10-09 20:41:10'),
(42, 144, 'Dr. Vita Murray', 'Rem mollitia itaque neque. Voluptas saepe reprehenderit vero velit. Autem sint non facere repudiandae aliquam ab.', 4, '2018-10-09 20:41:10', '2018-10-09 20:41:10'),
(43, 77, 'Prof. Emmanuel Abshire PhD', 'Aut ut et enim quod aliquid. Quia illum culpa odit cumque nam voluptas. Molestiae nostrum et magnam.', 2, '2018-10-09 20:41:10', '2018-10-09 20:41:10'),
(44, 147, 'Giovani Flatley', 'Ullam fugit sunt unde tempore temporibus eligendi est. Iure velit odio blanditiis hic minus. Eum voluptatem ab repellat dignissimos voluptatem omnis qui.', 1, '2018-10-09 20:41:10', '2018-10-09 20:41:10'),
(45, 63, 'Dr. Camron Kuvalis III', 'Minima dolores doloribus assumenda nihil vel veritatis sapiente. Magnam labore ipsa quo ratione nihil enim. In aut molestiae dolores architecto. Voluptatem repudiandae esse ipsum.', 5, '2018-10-09 20:41:10', '2018-10-09 20:41:10'),
(46, 129, 'Prof. Julio Hessel', 'Dolorum qui harum eaque aliquid maxime cupiditate. Quibusdam nulla dolorem vel et doloribus quam accusamus nisi.', 2, '2018-10-09 20:41:10', '2018-10-09 20:41:10'),
(47, 126, 'Clementine VonRueden', 'Fuga consequatur ipsam dolorum quo. Sed quo et veniam nihil non rerum. Earum esse possimus occaecati voluptatem commodi. Vel dolore rem molestiae vel sit dignissimos voluptas eum.', 1, '2018-10-09 20:41:10', '2018-10-09 20:41:10'),
(48, 126, 'Guiseppe Spinka', 'Debitis officia adipisci voluptates vel maiores ut voluptatum. Ut deserunt sit perferendis ipsam ut consectetur dolores exercitationem. Rerum dolorem autem reiciendis nostrum enim autem dolorum. In rerum voluptates enim provident sapiente atque asperiores commodi.', 2, '2018-10-09 20:41:10', '2018-10-09 20:41:10'),
(49, 41, 'Ismael Bechtelar', 'Explicabo et omnis fugit consequatur. Et aut sapiente rerum asperiores corrupti. Quod optio aut et voluptas dolor placeat eum. Molestias non distinctio accusantium culpa.', 4, '2018-10-09 20:41:10', '2018-10-09 20:41:10'),
(50, 23, 'Layne Eichmann III', 'Reiciendis rerum eos quidem voluptatibus quo ut itaque. Eum et debitis suscipit deserunt veniam nobis. Ex laborum atque aspernatur magni esse ducimus hic minima. Neque in accusantium autem deserunt necessitatibus non ducimus.', 5, '2018-10-09 20:41:10', '2018-10-09 20:41:10'),
(51, 73, 'Mr. Emil Zieme', 'Ea voluptatem voluptatum illum autem quibusdam consequatur necessitatibus ipsum. Consequatur aperiam qui recusandae inventore. Rerum doloremque assumenda vel maxime aut aut. Voluptatum id et nihil est sit incidunt distinctio.', 5, '2018-10-09 20:41:10', '2018-10-09 20:41:10'),
(52, 101, 'Ena Langosh', 'Dolores atque quidem tenetur amet. Exercitationem atque maiores adipisci quo. Enim sequi autem aut consectetur ut sapiente hic. Qui repellendus voluptates beatae vero qui provident asperiores.', 2, '2018-10-09 20:41:10', '2018-10-09 20:41:10'),
(53, 35, 'Cyril Schmitt', 'Illum ea similique voluptatem rerum ab voluptatem molestiae. Rem similique placeat aut est. Ducimus et quo laboriosam numquam consequatur ad. Et et hic itaque quidem dolor dolores.', 3, '2018-10-09 20:41:10', '2018-10-09 20:41:10'),
(54, 11, 'Richmond Schuppe Sr.', 'Doloribus impedit omnis natus officiis amet sed ipsa ut. Debitis perspiciatis doloribus nisi a repellendus. Et sequi molestiae distinctio voluptatem totam. Assumenda ipsam veritatis ut nihil doloremque repellendus et voluptates.', 4, '2018-10-09 20:41:10', '2018-10-09 20:41:10'),
(55, 131, 'Prof. Uriah Stamm Sr.', 'Animi suscipit officiis aut et mollitia amet enim. Distinctio mollitia modi quisquam natus vel officia aut est. Soluta non ex hic qui.', 5, '2018-10-09 20:41:10', '2018-10-09 20:41:10'),
(56, 131, 'Kendra Hamill', 'Adipisci et vel quo dolores ab quas vel dolor. Quibusdam est eaque omnis. Qui quis beatae architecto voluptas magni ut autem.', 4, '2018-10-09 20:41:10', '2018-10-09 20:41:10'),
(57, 4, 'Chadrick Heathcote', 'Nulla eaque ea animi. Magnam ea ut quidem sed. Repellat pariatur illum consectetur.', 1, '2018-10-09 20:41:10', '2018-10-09 20:41:10'),
(58, 61, 'Forest Nikolaus', 'Debitis quibusdam id et veritatis. Error totam nulla quibusdam placeat at porro. Dignissimos eum est ut ea. At nulla perspiciatis excepturi necessitatibus nulla.', 0, '2018-10-09 20:41:10', '2018-10-09 20:41:10'),
(59, 139, 'Hailey Donnelly', 'Consectetur ratione eos ut. Est aut quia consequatur nihil magnam. Illum exercitationem dolores ratione expedita.', 1, '2018-10-09 20:41:10', '2018-10-09 20:41:10'),
(60, 144, 'Abel Satterfield DVM', 'Sit quasi repudiandae totam dolorem nihil. Qui in eveniet distinctio inventore. In nulla quia fuga culpa eum.', 4, '2018-10-09 20:41:10', '2018-10-09 20:41:10'),
(61, 34, 'Colby Davis', 'Ea consequatur omnis quo dolores alias voluptatem. Sed amet voluptate quia aut molestiae. Et similique sequi ut mollitia explicabo fuga qui. Magni est voluptatem consequatur qui commodi.', 2, '2018-10-09 20:41:10', '2018-10-09 20:41:10'),
(62, 138, 'Prudence Weimann', 'Voluptas quod quas pariatur perferendis enim dolorem qui. Ipsa nobis nisi est harum qui. Est in sunt corporis qui placeat exercitationem.', 2, '2018-10-09 20:41:10', '2018-10-09 20:41:10'),
(63, 84, 'Madaline Abshire V', 'Quis aperiam molestias explicabo minus ratione quam aperiam. Omnis ab voluptas voluptatibus dolore non est ducimus. Voluptatem ut qui non sint id. Sint rem ut et. Quaerat rerum sit quibusdam et.', 4, '2018-10-09 20:41:10', '2018-10-09 20:41:10'),
(64, 63, 'Vivianne Kertzmann', 'Saepe ipsa quibusdam commodi veniam harum. Omnis quod architecto asperiores laudantium non occaecati odit possimus. Saepe atque necessitatibus qui enim hic ea inventore.', 0, '2018-10-09 20:41:10', '2018-10-09 20:41:10'),
(65, 134, 'Celestino Champlin', 'Aperiam qui consequatur nihil. Voluptas perspiciatis accusamus sapiente dolor perferendis. Modi ut aperiam qui harum porro eum iusto.', 1, '2018-10-09 20:41:10', '2018-10-09 20:41:10'),
(66, 8, 'Faye Cartwright', 'Ut pariatur odit aut nesciunt incidunt aut pariatur. Id rerum cumque provident officiis aperiam. Molestias ducimus facere aut. Non distinctio nisi delectus facilis optio sed.', 4, '2018-10-09 20:41:10', '2018-10-09 20:41:10'),
(67, 106, 'Dr. Zelda Wisoky DVM', 'Est eos debitis tempore vel consequatur et nesciunt qui. Esse voluptas rerum at dolorem. Sunt non et quo voluptatem nemo rerum praesentium excepturi. Alias facilis non vel fuga.', 3, '2018-10-09 20:41:10', '2018-10-09 20:41:10'),
(68, 17, 'Margret Wolff', 'Quidem id natus occaecati. Commodi earum quia doloribus voluptate quo ut consequatur voluptatem. Assumenda veniam fugit voluptatem praesentium temporibus molestiae.', 3, '2018-10-09 20:41:10', '2018-10-09 20:41:10'),
(69, 114, 'Ari Herzog', 'Corrupti pariatur magnam dolor nesciunt sunt. Aut quam dolorem consequatur officia et consequatur. Mollitia laboriosam expedita eveniet molestiae.', 1, '2018-10-09 20:41:10', '2018-10-09 20:41:10'),
(70, 72, 'Janick Windler Jr.', 'Reprehenderit rerum nostrum laborum temporibus veniam id eius. Doloremque esse mollitia et ut soluta laudantium et. Quis et molestiae numquam maxime. Sed explicabo dolor consequuntur eos sunt sequi molestias maiores.', 2, '2018-10-09 20:41:10', '2018-10-09 20:41:10'),
(71, 142, 'Antonette Predovic', 'Et aliquam perferendis quia deserunt labore. Est eligendi ex architecto illo vero nam qui. Doloremque nesciunt ut laboriosam cupiditate dolores beatae esse. Voluptates voluptatem eos nihil quis et.', 1, '2018-10-09 20:41:10', '2018-10-09 20:41:10'),
(72, 87, 'Antonette Kessler', 'Facere nostrum ipsum recusandae maxime. Commodi ad minima ut ratione et iusto ut. Porro molestiae fugit sed sed neque.', 1, '2018-10-09 20:41:10', '2018-10-09 20:41:10'),
(73, 65, 'Prof. Ida Auer', 'Sapiente atque id repellat aliquid aliquid nihil enim ex. Ut qui asperiores quia consequatur voluptatum vel ipsa. Aliquid commodi soluta eaque esse. Voluptatem blanditiis non ut necessitatibus.', 0, '2018-10-09 20:41:10', '2018-10-09 20:41:10'),
(74, 32, 'Niko Lind', 'Quas qui sint a repellat occaecati omnis id. Tenetur veritatis ut voluptatem dolores.', 4, '2018-10-09 20:41:10', '2018-10-09 20:41:10'),
(75, 133, 'Cindy Murphy', 'Earum aliquam quisquam qui ea eum tempore libero. Ut et amet qui dolor sint. In quasi dolores voluptatem atque.', 5, '2018-10-09 20:41:10', '2018-10-09 20:41:10'),
(76, 52, 'Elisa Dickens', 'Fuga laboriosam iure mollitia qui nulla quod. Quia omnis quo eaque ipsum. Cumque sed repellat incidunt autem. Adipisci corporis est quis aut. Soluta corrupti molestiae velit eos aut et.', 3, '2018-10-09 20:41:10', '2018-10-09 20:41:10'),
(77, 144, 'Colby Morissette', 'Illo ducimus ipsam suscipit fuga voluptatem voluptatem incidunt. Ut voluptatem numquam deserunt esse et hic. Perferendis magni eveniet enim harum. Dignissimos fugiat nulla maxime accusamus.', 3, '2018-10-09 20:41:10', '2018-10-09 20:41:10'),
(78, 55, 'Mabel Pacocha', 'Animi ad enim incidunt asperiores doloremque distinctio. Id exercitationem omnis aut. Corporis ad et quis earum nihil error. Occaecati eos voluptatem ut aut rerum.', 3, '2018-10-09 20:41:10', '2018-10-09 20:41:10'),
(79, 82, 'Ryann Senger', 'Ut ut velit necessitatibus amet deleniti. Dolor ipsum qui odio voluptatem. Enim id hic id ab et. Ea in officiis vel nostrum qui pariatur. Dolores unde vel et consequuntur aliquid.', 3, '2018-10-09 20:41:10', '2018-10-09 20:41:10'),
(80, 20, 'Mrs. Imelda Kulas II', 'Sed eos temporibus rerum quis hic accusamus itaque dolor. Vel blanditiis rerum et tempore. Odit perferendis eos nobis natus dolores est. Delectus facilis aliquam sunt praesentium nesciunt optio illum.', 4, '2018-10-09 20:41:10', '2018-10-09 20:41:10'),
(81, 42, 'Abdullah Kerluke', 'Impedit exercitationem voluptatibus possimus repellat possimus tempora. Sit ab esse laboriosam repellendus. Et sunt nobis itaque facilis mollitia maiores ad. Aut sint aspernatur adipisci ut voluptate ut explicabo.', 2, '2018-10-09 20:41:10', '2018-10-09 20:41:10'),
(82, 108, 'Jeff Russel', 'Et illo soluta consequatur eum porro inventore in. Perspiciatis quod quis doloribus deleniti. Consequuntur optio mollitia ducimus repudiandae recusandae molestiae.', 5, '2018-10-09 20:41:10', '2018-10-09 20:41:10'),
(83, 124, 'Antonetta Ondricka', 'Aliquid impedit repellendus et numquam totam veniam. Placeat soluta consequuntur eum cumque quaerat dolores deserunt. Rerum qui inventore sapiente.', 5, '2018-10-09 20:41:10', '2018-10-09 20:41:10'),
(84, 74, 'Zoie Schmidt', 'Doloremque natus ut et ut vitae et sed. Eveniet ratione ipsa possimus. Iure ipsa dolorum laboriosam velit iste.', 1, '2018-10-09 20:41:10', '2018-10-09 20:41:10'),
(85, 135, 'Sienna Will', 'Culpa ab totam eius vel quia voluptatem est. Ipsum voluptatem qui dolore unde non. Quas consequatur accusantium necessitatibus ut iure sed. Et sunt officia illo dolore sit.', 1, '2018-10-09 20:41:10', '2018-10-09 20:41:10'),
(86, 100, 'Mina Rosenbaum', 'Dolorum eaque et animi amet tempore reiciendis magnam. Enim corrupti nostrum tempora at. Nihil cum aut sed voluptates rerum inventore dolorem. Ipsam sed nisi laboriosam.', 3, '2018-10-09 20:41:10', '2018-10-09 20:41:10'),
(87, 122, 'Serenity Rohan', 'Nesciunt qui cum iusto blanditiis deserunt quaerat harum. Esse aut aut sapiente qui non quas.', 1, '2018-10-09 20:41:10', '2018-10-09 20:41:10'),
(88, 104, 'Hailey Abbott', 'Error nam sequi dolor. Est excepturi ut accusamus atque voluptas animi ut. Odit omnis tempore et explicabo aut eligendi. Neque suscipit sit voluptatem reiciendis.', 5, '2018-10-09 20:41:10', '2018-10-09 20:41:10'),
(89, 84, 'Jessy Walker III', 'Soluta corporis tempora voluptas et ut et eaque in. Fugit quia deleniti omnis. Unde dolor impedit et maiores animi distinctio. Dolorem quod voluptas accusantium impedit ea. Officia porro nisi aut placeat autem.', 1, '2018-10-09 20:41:10', '2018-10-09 20:41:10'),
(90, 46, 'Edwin Grady', 'Qui nobis itaque voluptas. Non blanditiis ut minima eum. Veritatis placeat accusantium perferendis et. Voluptas est ipsa ipsum.', 3, '2018-10-09 20:41:10', '2018-10-09 20:41:10'),
(91, 7, 'Reina Howell', 'Non rem ipsum qui velit voluptatem quo. Impedit possimus sint nostrum dolor non. Et sit at provident ut et eos. Quibusdam dolorum quia fugit tenetur voluptate minus.', 2, '2018-10-09 20:41:11', '2018-10-09 20:41:11'),
(92, 61, 'Aubree Hessel', 'Recusandae aut voluptatum nihil unde dolorem dolor fugit dicta. Ipsa sunt architecto veritatis aperiam expedita.', 5, '2018-10-09 20:41:11', '2018-10-09 20:41:11'),
(93, 94, 'Juana Rath', 'Dicta dolor fugiat aliquam. Ullam praesentium atque modi et ab expedita alias. Ab rerum ut explicabo possimus laborum. Iste quibusdam ea qui explicabo.', 4, '2018-10-09 20:41:11', '2018-10-09 20:41:11'),
(94, 90, 'Delilah Dooley V', 'Rerum fuga unde mollitia explicabo. Iure expedita repellendus mollitia repudiandae. Dolores velit accusamus maxime sequi exercitationem aspernatur.', 0, '2018-10-09 20:41:11', '2018-10-09 20:41:11'),
(95, 30, 'Prof. Aric Hand PhD', 'Dolorum culpa iusto qui assumenda error. Magnam consectetur impedit et ad assumenda. Distinctio non quod aut at minus qui soluta. Et et placeat deleniti aut consectetur laudantium.', 2, '2018-10-09 20:41:11', '2018-10-09 20:41:11'),
(96, 53, 'Mr. Johnson Conn I', 'Beatae quo quis vel tempore. Repellendus modi fugiat molestiae vel eaque aut. Sint doloremque quibusdam quo sed minus et. Illum cum accusamus non iure blanditiis aut sit. Quis qui aliquam voluptates harum similique.', 5, '2018-10-09 20:41:11', '2018-10-09 20:41:11'),
(97, 114, 'Georgiana Torp', 'Aut quia quis voluptatibus. Saepe id fuga impedit. Repudiandae hic minima sit nostrum autem enim adipisci.', 1, '2018-10-09 20:41:11', '2018-10-09 20:41:11'),
(98, 134, 'Theron Koepp', 'Odio esse cumque sunt minus. Ut voluptatem soluta quia pariatur illum. Quis explicabo aut dolorum sequi consectetur aut nihil. Exercitationem harum dolorem et molestiae nulla enim.', 1, '2018-10-09 20:41:11', '2018-10-09 20:41:11'),
(99, 145, 'Rosalind Stokes', 'Voluptate ullam cumque sit dolorem quis. Tempore asperiores facilis voluptas. Ut et repellat saepe ea consequatur voluptatum delectus et. Fugit est nulla dicta cum et.', 0, '2018-10-09 20:41:11', '2018-10-09 20:41:11'),
(100, 89, 'Heloise Feeney', 'Nisi iusto debitis suscipit reprehenderit corporis eius aperiam perferendis. Animi molestiae maxime dolorem in libero. Itaque tenetur natus in odio.', 5, '2018-10-09 20:41:11', '2018-10-09 20:41:11'),
(101, 19, 'Reanna DuBuque III', 'Magnam possimus quaerat ut esse qui doloremque autem. Unde voluptates corporis dolore et cumque sint. Facilis quos rerum voluptates amet tenetur adipisci voluptas. Sint ipsum deserunt expedita saepe maiores doloribus aut.', 5, '2018-10-09 20:41:11', '2018-10-09 20:41:11'),
(102, 136, 'Travis Koch', 'Minus sit id voluptas sint itaque dignissimos. Aliquam autem corporis beatae magnam. Odit quis quia quo consequuntur error et.', 4, '2018-10-09 20:41:11', '2018-10-09 20:41:11'),
(103, 52, 'Mr. Jeremy Harvey', 'Eligendi tenetur corrupti eaque et ut vero. Asperiores unde est quaerat repudiandae. Corrupti eveniet sit ut est.', 1, '2018-10-09 20:41:11', '2018-10-09 20:41:11'),
(104, 74, 'Joey Heller', 'Dolore et natus ipsam est est sed et. Et laudantium consequatur nesciunt ea occaecati velit id. Natus pariatur repellat molestias dignissimos ut recusandae. Illo quam vero architecto et.', 2, '2018-10-09 20:41:11', '2018-10-09 20:41:11'),
(105, 135, 'Ciara Conroy', 'Cupiditate reiciendis aut inventore reprehenderit enim vel facilis. Dolor rem debitis omnis est deleniti dolorem. Qui est nobis sit.', 4, '2018-10-09 20:41:11', '2018-10-09 20:41:11'),
(106, 116, 'Orin Erdman', 'Repudiandae soluta cum officia earum labore enim earum. Ea quidem autem nemo consequatur esse est. Laudantium explicabo assumenda facere.', 2, '2018-10-09 20:41:11', '2018-10-09 20:41:11'),
(107, 72, 'Brandon Ullrich I', 'Eum eius error in nihil quia ducimus rem quos. At minus reprehenderit veniam repellendus est officia voluptatibus. Assumenda dignissimos molestias facilis repudiandae et.', 3, '2018-10-09 20:41:11', '2018-10-09 20:41:11'),
(108, 76, 'Mrs. Kaitlyn Konopelski', 'Ducimus tenetur repudiandae quo numquam voluptatem ducimus. Asperiores inventore dicta alias fugiat blanditiis. Ipsum maxime sed et.', 4, '2018-10-09 20:41:11', '2018-10-09 20:41:11'),
(109, 27, 'Miss Bernadette Borer', 'Quos iusto minima quidem. Perferendis delectus vitae repudiandae culpa id quia.', 5, '2018-10-09 20:41:11', '2018-10-09 20:41:11'),
(110, 112, 'Guido Lind', 'Id itaque natus blanditiis qui labore. Architecto vitae repellat eos corrupti. Sint dolore labore aut odit.', 2, '2018-10-09 20:41:11', '2018-10-09 20:41:11'),
(111, 99, 'Veda Fritsch', 'Eligendi eos optio qui eum. Libero culpa accusantium vel reiciendis aliquam velit vero veritatis. Ipsa sit voluptas iste et accusamus totam eos.', 1, '2018-10-09 20:41:11', '2018-10-09 20:41:11'),
(112, 73, 'Deven Kreiger', 'Voluptatem aspernatur sit laudantium ducimus nemo culpa. Est nulla non ad facilis sed quia. Quibusdam a ut qui aperiam eius. Consequatur laboriosam libero ut voluptas voluptate voluptas fugit voluptatem.', 2, '2018-10-09 20:41:11', '2018-10-09 20:41:11'),
(113, 30, 'Annabelle Dietrich', 'Ducimus minima quos nulla sint omnis voluptas quam. Fugiat dicta assumenda quia mollitia necessitatibus eligendi non hic. Veritatis hic dolor aperiam aliquam accusamus laborum. Minus voluptatibus ut blanditiis dolorem.', 3, '2018-10-09 20:41:11', '2018-10-09 20:41:11'),
(114, 34, 'Dr. Israel Nader', 'Tempora facilis deserunt reiciendis illum sed dicta. Veniam ut ipsum a quibusdam eos. Nihil expedita hic ratione dolor voluptatum adipisci. Eos ex fugiat et quia.', 4, '2018-10-09 20:41:11', '2018-10-09 20:41:11'),
(115, 76, 'Twila Ward', 'Soluta at ullam quisquam laboriosam pariatur ea. Dolor maxime id voluptas. Ex nostrum blanditiis sed placeat unde eum.', 4, '2018-10-09 20:41:11', '2018-10-09 20:41:11'),
(116, 49, 'Dr. Aliza Murray MD', 'Sunt sequi maxime ipsa et. Dicta sit dolorum eligendi velit debitis dicta omnis nisi. Cupiditate dicta praesentium distinctio illum similique praesentium accusamus. Ut dolores et delectus. Similique omnis dolor beatae id tempora consequatur expedita.', 2, '2018-10-09 20:41:11', '2018-10-09 20:41:11'),
(117, 58, 'Boris Schultz', 'Recusandae ullam possimus magnam consequatur. Labore magnam id rem quia quaerat nostrum quasi.', 5, '2018-10-09 20:41:11', '2018-10-09 20:41:11'),
(118, 133, 'Marlon Cole', 'Sunt error impedit quibusdam ut quidem. Voluptas laborum vero dignissimos atque repudiandae qui. Blanditiis hic quos aut dolorem aperiam praesentium iure ut. Qui labore itaque et et qui. Harum dolore nesciunt omnis fugiat ab.', 5, '2018-10-09 20:41:11', '2018-10-09 20:41:11'),
(119, 85, 'Benton Fadel', 'Eaque repudiandae quos quo necessitatibus et et eveniet. Neque occaecati quo aperiam aut inventore. Aut qui alias eos ex enim at.', 2, '2018-10-09 20:41:11', '2018-10-09 20:41:11'),
(120, 27, 'Emmet Parker', 'Voluptatem et neque aperiam. Ab enim amet quasi autem velit. Totam quaerat perspiciatis ut. Eos illum dolore autem eligendi dolores aut.', 0, '2018-10-09 20:41:11', '2018-10-09 20:41:11'),
(121, 38, 'Josefa Hegmann', 'Fugiat tempora perferendis nostrum quis aut ratione. Non quam voluptas est. Ullam natus quasi in eius.', 2, '2018-10-09 20:41:11', '2018-10-09 20:41:11'),
(122, 46, 'Darron O\'Keefe', 'Blanditiis iste sint omnis quia. Odio laudantium facilis ut officia sit nihil quia. Sunt assumenda voluptatibus voluptate et. Impedit aut est et dolor ut reiciendis possimus.', 2, '2018-10-09 20:41:11', '2018-10-09 20:41:11'),
(123, 140, 'Prof. Julia Stracke PhD', 'Voluptas debitis qui ipsam repellat. Expedita ipsa asperiores harum.', 4, '2018-10-09 20:41:11', '2018-10-09 20:41:11'),
(124, 54, 'Miss Margaretta Rippin DDS', 'Exercitationem et est aspernatur distinctio rem repudiandae repellendus. Eligendi sed non sed dolores ipsam asperiores iste. Quisquam nostrum quia rem.', 5, '2018-10-09 20:41:11', '2018-10-09 20:41:11'),
(125, 140, 'Doris Kutch', 'Iusto blanditiis est ea est consectetur. Quasi aut iste reiciendis rerum consequuntur. Illo animi iusto fugit nihil a.', 0, '2018-10-09 20:41:11', '2018-10-09 20:41:11'),
(126, 106, 'Rigoberto Ritchie', 'Ut sunt deleniti eius omnis cumque et ex. Possimus repellendus quis et natus harum. Voluptatem dignissimos ut debitis ut quia tempora eaque. Qui quibusdam sit impedit quod id.', 1, '2018-10-09 20:41:11', '2018-10-09 20:41:11'),
(127, 107, 'Agustina Howe', 'Error ea eaque deleniti maiores voluptatibus mollitia voluptas aperiam. Ut ipsum dolorem provident architecto. Officiis quos voluptatem ut.', 1, '2018-10-09 20:41:11', '2018-10-09 20:41:11'),
(128, 57, 'Raheem Gleason', 'Dolore libero et officia officia et quae doloremque temporibus. Itaque qui dicta voluptatem labore minus enim molestiae ratione. Ut sequi ex tenetur error autem eum dolor.', 2, '2018-10-09 20:41:11', '2018-10-09 20:41:11'),
(129, 73, 'Liam Block', 'Odio error enim ea deserunt odit voluptatem. Consequatur repellat veritatis omnis quaerat. Et autem inventore assumenda. Et qui harum voluptatum velit cumque.', 1, '2018-10-09 20:41:11', '2018-10-09 20:41:11'),
(130, 47, 'Prof. Alana Leffler DDS', 'Saepe et ut doloribus dolore cupiditate aut veniam. Ipsum ut reiciendis expedita fugit libero rerum. Omnis nemo sapiente animi sed ut quod. Earum quisquam repudiandae et repellendus rem architecto.', 0, '2018-10-09 20:41:11', '2018-10-09 20:41:11'),
(131, 139, 'Mrs. Linnie Bechtelar DVM', 'Omnis ea et velit architecto perspiciatis dolorem est. Numquam nemo totam recusandae similique et iure. Rerum odio autem qui ullam.', 1, '2018-10-09 20:41:11', '2018-10-09 20:41:11'),
(132, 25, 'Miss Trisha Volkman IV', 'Ullam adipisci rerum consequatur. Doloremque et velit quis et animi laborum. Tempora porro voluptatum fugit totam consequatur suscipit. Consequuntur quisquam consequatur est.', 5, '2018-10-09 20:41:11', '2018-10-09 20:41:11'),
(133, 82, 'Nola Block', 'Eligendi eos sed dolores harum asperiores dolores iste. Officiis est nam aspernatur labore unde sint eos et. Corrupti rerum quam quas in.', 3, '2018-10-09 20:41:11', '2018-10-09 20:41:11'),
(134, 59, 'Rupert Predovic II', 'Occaecati sed officiis repellendus maxime. Et voluptas voluptatibus et repellat sint omnis beatae. Numquam voluptatem qui consequatur iste distinctio et porro. Ut dolor dolor cupiditate quia distinctio sapiente.', 0, '2018-10-09 20:41:11', '2018-10-09 20:41:11'),
(135, 102, 'Prof. Trinity Bartoletti', 'Molestiae illum et reprehenderit eum ex autem. Consequatur sequi ut at excepturi. Assumenda recusandae voluptatem nesciunt quisquam inventore voluptate consequatur.', 4, '2018-10-09 20:41:11', '2018-10-09 20:41:11'),
(136, 122, 'Saige Reynolds', 'Impedit perspiciatis accusantium animi nulla odio ab possimus harum. Et corrupti ut consequuntur corrupti impedit. Sit molestiae sit occaecati possimus sed id magni. Culpa exercitationem quia est officiis vel quia omnis.', 4, '2018-10-09 20:41:11', '2018-10-09 20:41:11'),
(137, 52, 'Emmet Dickens', 'Vel eos quia non. Repudiandae corrupti voluptas repellat doloribus quis odit. Vel non nihil omnis dolore laudantium nostrum ea.', 3, '2018-10-09 20:41:11', '2018-10-09 20:41:11'),
(138, 78, 'Kyleigh McKenzie Sr.', 'Omnis est eveniet dolor doloribus natus magnam assumenda. Debitis magnam inventore aut quia. Reprehenderit quas facilis libero eum. Ipsum explicabo dolores rerum incidunt.', 2, '2018-10-09 20:41:11', '2018-10-09 20:41:11'),
(139, 150, 'Miss Maudie Upton', 'Labore provident ipsa dolore iste consequatur omnis aspernatur. Molestiae sed quia molestias laborum. Sit alias excepturi corrupti est nulla dolor aut.', 5, '2018-10-09 20:41:11', '2018-10-09 20:41:11'),
(140, 51, 'Loren Hegmann', 'Sequi et pariatur animi iste omnis molestiae sapiente modi. Enim ut ducimus doloribus incidunt alias.', 3, '2018-10-09 20:41:11', '2018-10-09 20:41:11'),
(141, 149, 'Dr. Aryanna Kutch MD', 'Officiis quam assumenda quos vel. Perferendis corrupti ut voluptatum. Nisi corporis quae voluptatem tempore ut rem.', 2, '2018-10-09 20:41:11', '2018-10-09 20:41:11'),
(142, 137, 'Miss Drew Steuber', 'Minus impedit reiciendis aut qui. Est et enim officiis debitis aut officiis illum temporibus. Rerum consequatur officiis beatae repellat aliquam temporibus sint.', 0, '2018-10-09 20:41:11', '2018-10-09 20:41:11'),
(143, 96, 'Mona Ferry', 'Velit natus est non ratione. Vero expedita eligendi enim soluta animi illo accusantium. Quos harum natus aspernatur dignissimos.', 2, '2018-10-09 20:41:11', '2018-10-09 20:41:11'),
(144, 124, 'Stacy Conn', 'Itaque accusamus harum omnis vel. Quod soluta in vel ut voluptas fugit. Soluta unde voluptates quos deleniti id ea.', 4, '2018-10-09 20:41:11', '2018-10-09 20:41:11'),
(145, 20, 'Keith Crooks', 'Voluptatem et consequatur qui incidunt nemo eaque. Occaecati voluptates nesciunt consectetur fugiat fuga iste. Maxime vel nobis provident. Rerum minus ipsam aut vel rerum.', 2, '2018-10-09 20:41:11', '2018-10-09 20:41:11'),
(146, 95, 'Libby Gutkowski', 'Modi fuga qui explicabo autem. Exercitationem est odio quod et eos fugit. Placeat impedit velit aut magni molestias voluptatibus aut. Eum esse ea nisi distinctio.', 3, '2018-10-09 20:41:11', '2018-10-09 20:41:11'),
(147, 127, 'Marcellus Macejkovic', 'Sit atque perferendis recusandae pariatur temporibus quam. Voluptatem quia nemo a nisi dolores. Beatae et amet minus culpa.', 3, '2018-10-09 20:41:11', '2018-10-09 20:41:11'),
(148, 49, 'Isabel Armstrong PhD', 'Repellat molestiae aut voluptatem veniam. Aut dolorem sed iure architecto itaque velit at. Sit culpa quaerat tempora ab sed molestiae.', 3, '2018-10-09 20:41:11', '2018-10-09 20:41:11'),
(149, 66, 'Ms. Marguerite Schroeder', 'Id ad adipisci accusamus doloremque eos modi molestiae. Molestiae est animi aut. Voluptas et totam aut velit laudantium.', 0, '2018-10-09 20:41:11', '2018-10-09 20:41:11'),
(150, 132, 'Roel Pouros', 'Est et soluta modi laboriosam eos et laborum excepturi. Impedit odit fuga iusto est nulla omnis. Molestiae dolor accusamus eaque quae atque. Iure deleniti in perspiciatis commodi est.', 5, '2018-10-09 20:41:11', '2018-10-09 20:41:11'),
(151, 21, 'Clinton Mills', 'Et magni ut fuga velit sed esse. Occaecati neque quae debitis et delectus aut beatae quisquam. Voluptatem voluptatem facilis odit assumenda voluptate qui qui ut. Temporibus repellat deleniti deleniti cupiditate quae laboriosam.', 1, '2018-10-09 20:41:11', '2018-10-09 20:41:11'),
(152, 132, 'Mr. Jaylan Osinski DDS', 'Quidem modi ut non dolorem. Mollitia natus error est et repellat sunt. Qui qui et et iure a voluptatem quisquam dolor. Accusamus quos dolores et. Facere dolorem impedit modi.', 4, '2018-10-09 20:41:11', '2018-10-09 20:41:11'),
(153, 109, 'Shannon McDermott DDS', 'Corrupti amet enim nemo dolorem voluptatem. Ducimus cupiditate omnis velit. Laborum quo consectetur qui non voluptatem. Consectetur consequatur nemo ex numquam temporibus omnis explicabo.', 2, '2018-10-09 20:41:11', '2018-10-09 20:41:11'),
(154, 19, 'Gracie Glover', 'Minima et non omnis inventore blanditiis. Et magni vero veniam. Nobis maiores odit rerum minus nemo atque iste.', 4, '2018-10-09 20:41:11', '2018-10-09 20:41:11'),
(155, 64, 'Monique Renner', 'Iure numquam quo eius quis. Et facilis similique eaque cupiditate ratione enim. Illum soluta sed odit ut voluptatem.', 3, '2018-10-09 20:41:11', '2018-10-09 20:41:11'),
(156, 109, 'Dr. Adolf Trantow IV', 'Et ut ad id dolore deserunt qui maxime. Optio delectus aspernatur omnis. Nam id ab quaerat blanditiis quis eveniet. Est ea qui commodi.', 1, '2018-10-09 20:41:11', '2018-10-09 20:41:11'),
(157, 122, 'Tito Kovacek', 'Commodi quisquam sunt aliquam corporis dicta. Sed non sit sed nihil expedita dolore. Tempore provident tenetur minus et sit numquam. Molestiae beatae sit commodi ut et ut facere.', 4, '2018-10-09 20:41:11', '2018-10-09 20:41:11'),
(158, 66, 'Forest Fisher', 'Dicta saepe nobis vel eum. Et atque ullam a. Vitae esse quo dolores qui molestiae non id. Mollitia iure voluptates eveniet dignissimos et fugiat a.', 4, '2018-10-09 20:41:11', '2018-10-09 20:41:11'),
(159, 43, 'Brock Stroman', 'Itaque et reiciendis minima quia assumenda blanditiis. Quia rerum dolores praesentium quia sint dolor quisquam. Doloribus omnis pariatur rem temporibus. Aut libero sit ut molestiae rerum sed veniam consequatur.', 3, '2018-10-09 20:41:11', '2018-10-09 20:41:11'),
(160, 139, 'Leonardo Konopelski', 'Odit ab aut deleniti nostrum aliquam minima tempora excepturi. Sed voluptatem beatae veniam. Et et numquam ducimus non fugiat consequatur neque dolores. Eum et nihil eum nostrum pariatur est quia.', 1, '2018-10-09 20:41:11', '2018-10-09 20:41:11'),
(161, 54, 'Dr. Alessandro Aufderhar DVM', 'Et illo commodi accusamus corporis culpa quia. Beatae velit dolorem sit non vel sequi. Optio ducimus quibusdam beatae illum. Dolorem occaecati voluptatem temporibus tempore.', 4, '2018-10-09 20:41:11', '2018-10-09 20:41:11'),
(162, 96, 'Ms. Karianne Bartell', 'Nam ullam amet quidem harum ut labore. Harum ut et sint nesciunt. Tenetur vel distinctio voluptates et odit eos et. Ullam aspernatur harum ullam laudantium hic hic.', 3, '2018-10-09 20:41:11', '2018-10-09 20:41:11'),
(163, 88, 'Jose Schroeder', 'Consequatur et sint repellendus est. Itaque nihil similique voluptas temporibus fuga sint similique tempora. Numquam consequatur et facere velit sed exercitationem cum.', 5, '2018-10-09 20:41:11', '2018-10-09 20:41:11'),
(164, 94, 'Danny Kub III', 'Voluptas qui ipsum est occaecati aperiam animi. Nam odit explicabo impedit quo et minus suscipit. Voluptate possimus voluptatem rerum consequatur aut quo.', 0, '2018-10-09 20:41:11', '2018-10-09 20:41:11'),
(165, 110, 'Mrs. Margaret O\'Keefe', 'Commodi repellat sit enim. Id omnis maiores consequatur velit dolor qui. Id maxime at consequatur omnis a qui. Sint eveniet cum est sed nesciunt nesciunt.', 1, '2018-10-09 20:41:11', '2018-10-09 20:41:11'),
(166, 143, 'Alayna Marks', 'Fuga in voluptatem cumque ut voluptatem iure eum. Saepe dicta repellendus autem aut delectus eum. Voluptatibus dolor nam doloremque voluptatum. Rerum officiis cum qui.', 5, '2018-10-09 20:41:11', '2018-10-09 20:41:11'),
(167, 62, 'Kiana Hammes', 'Aperiam dolores mollitia repudiandae officia. Consequatur officia dolorum possimus rerum est omnis. Voluptas porro tempore nemo similique quam beatae dolores. Possimus odio ut accusamus est aut ullam.', 0, '2018-10-09 20:41:11', '2018-10-09 20:41:11'),
(168, 84, 'Freda Stehr', 'Labore fugiat dolore vel laudantium quis eligendi omnis. Asperiores et ducimus qui saepe repellat. Rerum et maiores aut delectus placeat modi exercitationem. Ea deleniti et unde rem.', 4, '2018-10-09 20:41:11', '2018-10-09 20:41:11'),
(169, 121, 'Maximo Ziemann', 'Magnam doloribus voluptatum sapiente alias voluptates corporis. Voluptatibus ut a a eaque voluptates libero et.', 1, '2018-10-09 20:41:11', '2018-10-09 20:41:11'),
(170, 63, 'Iva Gaylord', 'Veritatis unde quia facilis consequatur suscipit adipisci ullam. Tempora repellendus quidem quis quasi. Fugit ullam ipsum quia voluptatem aut impedit. Id sed tempore quo aut optio.', 3, '2018-10-09 20:41:11', '2018-10-09 20:41:11'),
(171, 144, 'Carissa Durgan', 'Consequatur aut doloremque dolorem et doloribus magni sit. Aut autem qui amet aspernatur autem voluptates repudiandae. Et iure quod aut consequuntur. Quo modi aut est sequi ipsa odio assumenda reiciendis.', 0, '2018-10-09 20:41:11', '2018-10-09 20:41:11'),
(172, 123, 'Mrs. Marilyne Stehr III', 'Reprehenderit suscipit ex dolorum ea cumque. Sed quae quae laborum quidem. Ea et maiores voluptates quia. Assumenda et tempore dolore facere et soluta amet.', 1, '2018-10-09 20:41:11', '2018-10-09 20:41:11'),
(173, 27, 'Bryce Thompson', 'Sed consectetur sapiente debitis. Omnis et expedita sint eveniet velit. Vero voluptatum magni impedit id aliquid modi quia est. Sequi qui quaerat temporibus repudiandae voluptatem a.', 0, '2018-10-09 20:41:11', '2018-10-09 20:41:11'),
(174, 104, 'Prof. Davon Mitchell', 'Maxime illum perspiciatis in ullam tenetur corrupti vero. Magnam ex est excepturi laborum cum aspernatur rerum. Necessitatibus blanditiis expedita atque inventore consequatur consequuntur.', 1, '2018-10-09 20:41:11', '2018-10-09 20:41:11'),
(175, 34, 'Johnathon Oberbrunner I', 'Nisi iusto tenetur ipsam. Consectetur labore eos eos voluptatum atque vel. Quo sit rerum tenetur.', 5, '2018-10-09 20:41:11', '2018-10-09 20:41:11'),
(176, 51, 'Gladys VonRueden', 'Sint excepturi non excepturi dolorem dolorem. Voluptates facilis veniam perferendis ut. Assumenda libero voluptatem itaque ea. Voluptatem hic quis perferendis nihil sed odit eaque.', 4, '2018-10-09 20:41:11', '2018-10-09 20:41:11'),
(177, 113, 'Miss Aryanna Stroman', 'Totam voluptatem earum voluptate explicabo. Accusamus aut ipsam in enim sunt quibusdam. Unde dolorem sed ut autem expedita quia quia. Error nemo repellat sed voluptatem animi repudiandae.', 5, '2018-10-09 20:41:11', '2018-10-09 20:41:11'),
(178, 46, 'Ms. Stephanie Effertz', 'Quia quia rerum consequatur aut. Et dignissimos in voluptatibus excepturi alias. Aut nostrum eos quibusdam quos labore maiores officia iste.', 3, '2018-10-09 20:41:11', '2018-10-09 20:41:11'),
(179, 59, 'Mrs. Alanis Connelly MD', 'Eligendi incidunt dolor repellendus quo et. Sunt aut atque voluptates enim. Iste dolores quibusdam est necessitatibus ipsam sed odit eligendi.', 2, '2018-10-09 20:41:11', '2018-10-09 20:41:11'),
(180, 119, 'Aliya Kunze MD', 'Maxime adipisci itaque sunt laudantium alias quae. Perferendis minus dolores cupiditate quis aut dolorem nihil. Enim omnis non voluptate modi numquam. Quis delectus blanditiis autem autem maxime veniam non nesciunt.', 4, '2018-10-09 20:41:11', '2018-10-09 20:41:11'),
(181, 26, 'Mrs. Luz Grant MD', 'Omnis sint vel quo. Vel explicabo voluptas nihil cumque atque id. Numquam quasi est praesentium. Officia perspiciatis consequatur quia fugiat eos. Perferendis inventore qui quis maiores.', 0, '2018-10-09 20:41:11', '2018-10-09 20:41:11'),
(182, 146, 'Fiona Lemke', 'Deserunt ea consequatur ipsam et dolorem. Quia voluptatum ex ut est culpa et beatae. Quia in dolores enim explicabo.', 1, '2018-10-09 20:41:11', '2018-10-09 20:41:11'),
(183, 49, 'Isom Brekke', 'Quibusdam voluptas veniam sapiente dignissimos. Saepe quia distinctio et. Magni sunt aliquid similique rerum sapiente. Pariatur sunt velit sapiente ratione officiis ut autem.', 0, '2018-10-09 20:41:11', '2018-10-09 20:41:11'),
(184, 106, 'Shaina Hirthe', 'Deleniti qui vero amet dolorem quis. Sit minus sapiente velit molestiae. Magni unde reprehenderit voluptatum numquam sint eos. Nulla enim et quibusdam eveniet.', 4, '2018-10-09 20:41:11', '2018-10-09 20:41:11'),
(185, 130, 'Yazmin Schimmel III', 'Ut quos laudantium hic nam est ad. Vitae mollitia aut illum ut omnis est voluptatum sit. Amet autem placeat vel quia aut quae.', 3, '2018-10-09 20:41:11', '2018-10-09 20:41:11'),
(186, 53, 'Prof. Moshe Hammes Jr.', 'Ut sed voluptatem voluptatem. Magnam deserunt sit et cum consequatur. Unde hic ut repellendus et aspernatur.', 4, '2018-10-09 20:41:11', '2018-10-09 20:41:11'),
(187, 28, 'Kellen Welch', 'Nisi rerum quam delectus ullam fuga. Excepturi corporis molestiae dolores. Enim magni ut aspernatur sapiente enim debitis et. Sequi aperiam omnis et reiciendis quas. Exercitationem velit fuga reprehenderit.', 1, '2018-10-09 20:41:11', '2018-10-09 20:41:11'),
(188, 122, 'Mr. Julius Wiegand Jr.', 'At ea qui et voluptate qui voluptas. Iure iusto accusantium ducimus eum. Eos provident aut dicta est sapiente exercitationem. Provident consectetur aut omnis adipisci quia.', 4, '2018-10-09 20:41:11', '2018-10-09 20:41:11'),
(189, 26, 'Francis Hirthe', 'Aspernatur id omnis expedita reprehenderit maxime nam cumque. Perferendis non sunt adipisci ut maxime rerum beatae. Ad voluptatem doloribus eveniet.', 5, '2018-10-09 20:41:11', '2018-10-09 20:41:11'),
(190, 117, 'Iliana Steuber', 'Qui est molestiae voluptas cupiditate molestiae est. Repellendus ipsum dolorem hic blanditiis aliquam quas vitae. Nam dolores maxime corporis.', 5, '2018-10-09 20:41:11', '2018-10-09 20:41:11'),
(191, 50, 'Natalia O\'Hara', 'Totam nihil dolores aliquid recusandae. Iusto neque repudiandae laudantium ea aut reiciendis omnis. Veritatis ut non nesciunt omnis ea.', 1, '2018-10-09 20:41:11', '2018-10-09 20:41:11'),
(192, 9, 'Melvina Halvorson', 'Nesciunt et voluptatum harum ea aut sed voluptatem. Aut qui ut expedita porro. Ratione consequatur aliquam aspernatur quisquam ut adipisci non. Sint earum laudantium ut quas dolor.', 1, '2018-10-09 20:41:11', '2018-10-09 20:41:11'),
(193, 12, 'Keagan Windler IV', 'Repellendus nobis rerum est fugiat ipsum. Odio eum in tempore minima. Dignissimos ut itaque laborum iste delectus. Doloremque debitis maiores sunt occaecati qui eum voluptates.', 0, '2018-10-09 20:41:11', '2018-10-09 20:41:11'),
(194, 23, 'Travis Oberbrunner', 'Modi consequatur et optio enim dolores vel. Alias at praesentium quo quaerat qui sunt. Reiciendis voluptas mollitia dolor itaque sunt. Laudantium beatae consequuntur quibusdam voluptatibus accusamus.', 3, '2018-10-09 20:41:11', '2018-10-09 20:41:11'),
(195, 81, 'Madison Swift', 'Aliquam possimus reiciendis inventore ullam et odit ad consequatur. Est labore et earum architecto voluptate expedita voluptatum. Non autem consectetur quia deleniti repellat sed aspernatur. Ipsa in fugit porro.', 4, '2018-10-09 20:41:11', '2018-10-09 20:41:11'),
(196, 15, 'Hertha Zboncak IV', 'Eos rerum minima facilis voluptas fuga molestiae. Sapiente distinctio sed molestiae est voluptas eum corporis perspiciatis. Magni reiciendis iure qui accusamus ut maiores. Voluptas laborum qui illum error incidunt quo aut ab.', 3, '2018-10-09 20:41:11', '2018-10-09 20:41:11'),
(197, 29, 'Arnoldo Johnson', 'Sit amet minus impedit repudiandae quas sapiente ipsam debitis. Quam consectetur et veniam velit aut voluptatem. Reprehenderit veniam nemo ad corporis eligendi officia.', 5, '2018-10-09 20:41:11', '2018-10-09 20:41:11'),
(198, 62, 'Mallory Boyer DVM', 'Itaque laborum quisquam in deserunt. Consequatur sed voluptas sit cumque. Omnis repudiandae atque consequatur dolorem praesentium. Reprehenderit earum sed reiciendis ullam.', 4, '2018-10-09 20:41:11', '2018-10-09 20:41:11'),
(199, 130, 'Dr. Casandra Stamm', 'Quos suscipit fugiat aperiam quasi alias aut sit. Unde sint possimus earum ab et. Cupiditate earum quasi laboriosam.', 1, '2018-10-09 20:41:11', '2018-10-09 20:41:11'),
(200, 135, 'Mr. Xavier Stoltenberg Sr.', 'Quo debitis quia eos in totam architecto enim quibusdam. Ipsam totam nostrum dicta. Provident quos doloribus reprehenderit maiores odio aut et. Sapiente doloremque soluta et rerum id earum.', 5, '2018-10-09 20:41:11', '2018-10-09 20:41:11'),
(201, 126, 'Lorenza Gutkowski', 'Praesentium quod voluptatibus soluta et inventore earum. Minima ea cupiditate ut et sequi. Expedita rem voluptatem maiores mollitia. Nam ab voluptatem laborum eum.', 3, '2018-10-09 20:41:11', '2018-10-09 20:41:11'),
(202, 66, 'Alessia Gibson', 'Ea et est minus voluptatem alias. Cumque odit aspernatur laborum doloremque. Illo qui laboriosam in molestiae esse est dolor.', 1, '2018-10-09 20:41:11', '2018-10-09 20:41:11'),
(203, 103, 'Dixie Spencer', 'Rem voluptates qui sint sint et aperiam. Unde distinctio eaque reprehenderit corporis. Maiores culpa voluptatem qui.', 5, '2018-10-09 20:41:11', '2018-10-09 20:41:11'),
(204, 99, 'Prof. Tevin Torp DVM', 'Minus beatae a maxime sunt sit suscipit. Alias aperiam aut fugit et corrupti voluptatem. Praesentium dolorum quod quo inventore.', 5, '2018-10-09 20:41:11', '2018-10-09 20:41:11'),
(205, 89, 'Eddie Armstrong', 'Explicabo porro dolor et sit. Perspiciatis omnis atque hic quia voluptatem est neque et. Aliquid illum eaque aliquam sed. Qui magni minima vitae et velit dignissimos.', 3, '2018-10-09 20:41:11', '2018-10-09 20:41:11'),
(206, 132, 'Rosa Kilback', 'Vel quidem dignissimos maxime saepe animi quia laudantium. Distinctio doloribus voluptas magni dicta totam saepe. Placeat possimus mollitia accusantium qui.', 3, '2018-10-09 20:41:11', '2018-10-09 20:41:11'),
(207, 147, 'Isidro Ledner', 'Accusamus beatae autem in iste. Quam rem quos corporis doloribus nihil. Temporibus aut distinctio ex.', 2, '2018-10-09 20:41:11', '2018-10-09 20:41:11');
INSERT INTO `reviews` (`id`, `product_id`, `customer`, `review`, `star`, `created_at`, `updated_at`) VALUES
(208, 57, 'Orpha Mraz', 'Accusamus quia omnis commodi mollitia dignissimos ullam. Excepturi ipsa eum qui numquam ut. Minus maiores atque debitis optio. Accusantium molestiae voluptas consequatur doloremque qui.', 2, '2018-10-09 20:41:11', '2018-10-09 20:41:11'),
(209, 13, 'Gaylord Berge', 'Dolorum non cumque aut delectus quis consequatur. Error ratione cupiditate est consequuntur illum. Numquam aut omnis quis reiciendis nesciunt. Tempore aut tempore itaque dolores nihil ab. Dicta dicta ut rerum et.', 0, '2018-10-09 20:41:11', '2018-10-09 20:41:11'),
(210, 115, 'Devan Russel', 'At dolor reprehenderit ut consequatur. Autem quae veniam at omnis. Voluptatem consectetur magni magni molestiae error cum quis.', 2, '2018-10-09 20:41:11', '2018-10-09 20:41:11'),
(211, 59, 'Mrs. Winifred Anderson', 'Illum eum officia non ea. Ut id nisi consectetur accusantium sequi non. Fugiat consequatur eos molestiae quo nostrum quia pariatur distinctio.', 0, '2018-10-09 20:41:11', '2018-10-09 20:41:11'),
(212, 57, 'Antoinette Gusikowski', 'Sint velit aut quibusdam maiores qui aliquam praesentium. Quibusdam quos veniam nulla accusantium unde nesciunt qui voluptatem.', 5, '2018-10-09 20:41:11', '2018-10-09 20:41:11'),
(213, 63, 'Dessie Wisoky', 'Quae repellendus et aut. Voluptatem maxime eveniet rerum voluptas eaque aut porro.', 0, '2018-10-09 20:41:11', '2018-10-09 20:41:11'),
(214, 57, 'Destany Kub', 'Id quae pariatur itaque eius inventore dolores fuga aliquam. Explicabo repudiandae omnis harum nihil et ea. Exercitationem facilis at odio excepturi.', 0, '2018-10-09 20:41:11', '2018-10-09 20:41:11'),
(215, 1, 'Tremayne Pouros II', 'Veniam facere qui atque officia. Ab optio perferendis iusto cupiditate voluptate. Molestias eos reprehenderit earum veritatis distinctio. Et optio velit qui. Amet consectetur eveniet ratione quia.', 3, '2018-10-09 20:41:11', '2018-10-09 20:41:11'),
(216, 120, 'Vernon Sanford', 'Sed aut maxime sed placeat. Fugit exercitationem nam earum et. Alias praesentium nam ut qui est. Est qui facere rerum rerum.', 1, '2018-10-09 20:41:11', '2018-10-09 20:41:11'),
(217, 112, 'Madyson Cartwright', 'Possimus aperiam aut possimus architecto reiciendis deserunt impedit. Possimus explicabo repellendus corrupti possimus delectus esse quasi. Doloribus unde fugit adipisci officiis fugit dolorum. Et facere eius minima molestiae maxime accusamus.', 2, '2018-10-09 20:41:11', '2018-10-09 20:41:11'),
(218, 137, 'Jamel Ritchie', 'Magnam in id odit autem assumenda minus magni. Accusamus praesentium qui et a perferendis sit minus. Nulla est eum necessitatibus reiciendis ipsam officia.', 4, '2018-10-09 20:41:11', '2018-10-09 20:41:11'),
(219, 19, 'Elijah Jakubowski', 'Sed eos reprehenderit et. Autem sit laudantium quos id veniam consequuntur. Consequatur accusamus inventore accusamus blanditiis autem. Ab doloremque occaecati dicta. Voluptas ab inventore facilis voluptas vero culpa tempora.', 2, '2018-10-09 20:41:11', '2018-10-09 20:41:11'),
(220, 123, 'Prof. Treva Brown', 'Corporis est quidem molestiae labore et ea laboriosam. Illum quia alias iure sint ipsum dolores. Nihil quidem reprehenderit non ipsa quod. Dolorem nihil tempore quis sunt mollitia.', 0, '2018-10-09 20:41:11', '2018-10-09 20:41:11'),
(221, 114, 'Mireya Schmitt', 'Deleniti voluptates sapiente voluptate sint similique quam. Quasi quia eaque neque nam sint quia. Voluptate optio quae totam autem.', 2, '2018-10-09 20:41:11', '2018-10-09 20:41:11'),
(222, 10, 'Prof. Saige Morissette III', 'Expedita placeat est excepturi ut id. Molestias corrupti magni esse est. Architecto maiores rerum omnis quas blanditiis.', 5, '2018-10-09 20:41:11', '2018-10-09 20:41:11'),
(223, 20, 'Deshaun Miller IV', 'Qui et omnis quam sunt assumenda doloremque. Accusantium adipisci et totam quia ipsam explicabo inventore. Deserunt quo rem excepturi mollitia recusandae. Asperiores sit alias qui earum occaecati aut.', 2, '2018-10-09 20:41:11', '2018-10-09 20:41:11'),
(224, 60, 'Mr. Jaquan Feeney', 'Qui quae sequi nesciunt laborum ut ab. Voluptatibus mollitia laboriosam maiores laudantium sunt ex ut. Aperiam ut provident quod molestias fugit.', 0, '2018-10-09 20:41:11', '2018-10-09 20:41:11'),
(225, 28, 'Dr. Brayan Haley', 'Enim dignissimos laboriosam dolorem ipsa. Enim qui et deleniti quis molestiae consequuntur alias. Qui doloremque amet ut vero ex saepe. Consequatur totam explicabo blanditiis rerum.', 3, '2018-10-09 20:41:11', '2018-10-09 20:41:11'),
(226, 33, 'Forest Turcotte Jr.', 'Ea in repellendus placeat laudantium dicta possimus. Nostrum ut vel enim aspernatur accusamus. Maiores iusto voluptas blanditiis. Pariatur unde eveniet ut perferendis qui omnis.', 5, '2018-10-09 20:41:11', '2018-10-09 20:41:11'),
(227, 142, 'Arthur Legros I', 'Et expedita atque distinctio alias nobis minima nostrum quo. Et soluta ut similique nobis voluptates architecto minus. Ducimus ut corrupti consequatur adipisci voluptatem architecto. Dignissimos minus totam quia consequatur aut aut.', 2, '2018-10-09 20:41:11', '2018-10-09 20:41:11'),
(228, 91, 'Verna Walter DVM', 'Dolor qui est ullam ipsa quod dolorem. Mollitia facere harum occaecati optio. Voluptatum ea necessitatibus possimus sunt voluptates est.', 4, '2018-10-09 20:41:11', '2018-10-09 20:41:11'),
(229, 1, 'Sabrina Schmitt', 'Minus voluptatibus corporis et quaerat dignissimos facere officia. Quia fugit quia alias iste sapiente temporibus repellendus. Voluptatem quasi est nostrum beatae et repellat eum.', 0, '2018-10-09 20:41:11', '2018-10-09 20:41:11'),
(230, 4, 'Rolando Anderson III', 'Repellat architecto sed sapiente incidunt tempore vel praesentium. Corrupti aut in aliquam laboriosam numquam facilis. Omnis voluptatem accusamus aut architecto dolores ut.', 4, '2018-10-09 20:41:11', '2018-10-09 20:41:11'),
(231, 65, 'Shaniya Keebler', 'Qui est eius tempora sit totam blanditiis. Aut vitae velit et facilis et nihil. Ab praesentium consequuntur tempore veniam. Eos illo odio veniam perferendis voluptas voluptatem.', 3, '2018-10-09 20:41:11', '2018-10-09 20:41:11'),
(232, 95, 'Aniyah Kuhn', 'Eligendi iusto laborum neque quaerat illum dolores sunt. Eum consequatur sed et et officia hic et. Et rem et provident consequatur tempore sit dolore. Qui qui exercitationem incidunt dolorem voluptate.', 1, '2018-10-09 20:41:11', '2018-10-09 20:41:11'),
(233, 75, 'Prof. Otto Hegmann', 'Quis aut dolor possimus voluptatem. Consequuntur vel id aut. Quisquam eos et tempora nulla est dolorem.', 0, '2018-10-09 20:41:11', '2018-10-09 20:41:11'),
(234, 106, 'Corbin Pfannerstill I', 'Praesentium exercitationem esse corrupti id cum. Impedit cumque animi delectus natus aspernatur.', 3, '2018-10-09 20:41:11', '2018-10-09 20:41:11'),
(235, 46, 'Miss Annetta Schmeler', 'Neque est veniam sit tempore inventore atque. Inventore quis et ut iure. Dolore omnis ut est eligendi neque aut dolor doloribus.', 2, '2018-10-09 20:41:11', '2018-10-09 20:41:11'),
(236, 60, 'Mrs. Karlie Metz', 'Beatae rerum autem consequatur molestiae id voluptates. Qui quia ex porro. Quia at quia sit aut rem eum vel. Non rerum aut reprehenderit laborum dolorem voluptatem eum.', 3, '2018-10-09 20:41:11', '2018-10-09 20:41:11'),
(237, 43, 'Waylon Schaden', 'Occaecati pariatur qui tempora minus nobis. Aut quisquam velit molestiae est ullam dicta laudantium eum. Error modi magni aut.', 3, '2018-10-09 20:41:11', '2018-10-09 20:41:11'),
(238, 130, 'Mr. Sherwood Purdy V', 'Praesentium eligendi saepe exercitationem nulla. Voluptatum enim quod est est nulla ratione aut. Non aliquid nam iusto iure natus. Magnam consequatur sapiente quis perspiciatis suscipit.', 0, '2018-10-09 20:41:11', '2018-10-09 20:41:11'),
(239, 144, 'Karley Schaefer MD', 'Modi cum rem sunt dignissimos excepturi cum. Quisquam accusamus voluptatem nulla et id at eos accusantium. Sed esse quam aperiam voluptas dolor. Est dolorem error voluptatem ducimus distinctio velit.', 1, '2018-10-09 20:41:11', '2018-10-09 20:41:11'),
(240, 45, 'Stephen Corwin', 'Est ut et vitae qui ea est. Dolor sint expedita et modi corporis. Necessitatibus in debitis ut rem accusantium ducimus amet. Qui amet sed laudantium illum optio.', 3, '2018-10-09 20:41:11', '2018-10-09 20:41:11'),
(241, 94, 'Edwina Brekke II', 'Et a natus cum aperiam facilis culpa quisquam sapiente. Perspiciatis dolorem vel est debitis aut delectus sapiente. Libero molestiae aut eum.', 0, '2018-10-09 20:41:11', '2018-10-09 20:41:11'),
(242, 2, 'Prof. Pattie Lowe DDS', 'Itaque iste totam molestiae consectetur nihil. Quas numquam illo quo voluptatem ea placeat quod. Aut sit et dolorum suscipit repellendus. Non aut neque quis aliquam accusamus voluptatum et et.', 1, '2018-10-09 20:41:11', '2018-10-09 20:41:11'),
(243, 134, 'Hilda Stroman I', 'Ipsa excepturi velit non ipsum. Facere est eaque asperiores suscipit voluptas. Eum voluptatem ut tenetur minus nisi. Ut et qui quibusdam rerum quia aut.', 4, '2018-10-09 20:41:11', '2018-10-09 20:41:11'),
(244, 94, 'Prof. Corrine Treutel IV', 'Consequatur quos ad dolor blanditiis repudiandae hic eum animi. Adipisci non vel dicta facere voluptatem deserunt dolores error.', 2, '2018-10-09 20:41:11', '2018-10-09 20:41:11'),
(245, 1, 'Mr. Salvatore Wisozk DVM', 'Temporibus vitae excepturi et aut et quia. Et autem deleniti sint reprehenderit. Quibusdam dolore laboriosam magnam.', 2, '2018-10-09 20:41:11', '2018-10-09 20:41:11'),
(246, 11, 'Prof. Foster Legros PhD', 'Asperiores rerum culpa necessitatibus dolorem. Deleniti recusandae laboriosam et provident ducimus et. Dolorem voluptatem inventore doloribus quam iure.', 2, '2018-10-09 20:41:11', '2018-10-09 20:41:11'),
(247, 20, 'Taylor Denesik', 'Voluptates quaerat ipsam nihil non nihil voluptatem. Blanditiis quia expedita perspiciatis ducimus eveniet. Fugit unde sit sequi harum rerum aut rem.', 1, '2018-10-09 20:41:11', '2018-10-09 20:41:11'),
(248, 106, 'Prof. Gage Satterfield I', 'Consequuntur quod reprehenderit qui delectus. Repellat quo voluptate illum suscipit voluptate voluptatibus omnis. Voluptas aliquid natus deserunt molestias.', 4, '2018-10-09 20:41:11', '2018-10-09 20:41:11'),
(249, 33, 'Madaline Kris', 'Numquam nesciunt et distinctio eum esse. Necessitatibus sed aperiam eaque magnam hic. Sunt mollitia suscipit minima tempora enim provident et. Quasi et assumenda sequi molestias.', 5, '2018-10-09 20:41:11', '2018-10-09 20:41:11'),
(250, 12, 'Humberto Kertzmann', 'Neque est dolorem id enim velit atque at. Architecto explicabo et molestias perferendis labore. Magni distinctio nihil quis in molestiae omnis. Qui inventore id inventore minus qui. Dolores maiores quia officiis.', 0, '2018-10-09 20:41:11', '2018-10-09 20:41:11'),
(251, 112, 'Anissa White', 'Enim porro vel eos qui consequatur. Dolorem porro sequi dolor est reprehenderit quia iure. Velit nesciunt vel laborum eos omnis. Officiis dolores doloremque enim nostrum.', 1, '2018-10-09 20:41:11', '2018-10-09 20:41:11'),
(252, 22, 'Kayleigh Bergstrom', 'Unde alias velit corporis rerum. Eos est pariatur sint aut.', 1, '2018-10-09 20:41:11', '2018-10-09 20:41:11'),
(253, 141, 'Kamille Heller', 'At et in inventore minima. Possimus assumenda quo voluptatem quo ipsum iusto. Non consequatur accusantium ea quas tenetur explicabo sit. Voluptatibus ut et aperiam sit optio autem odit.', 0, '2018-10-09 20:41:11', '2018-10-09 20:41:11'),
(254, 109, 'Deja Terry', 'Autem in ea repellat dolorum modi dolor delectus. Quo itaque maiores et necessitatibus ipsum sapiente qui. Sunt magni amet sed quidem omnis laboriosam. Nisi provident autem est nihil aperiam accusantium aut.', 4, '2018-10-09 20:41:11', '2018-10-09 20:41:11'),
(255, 71, 'Lorenza DuBuque V', 'Numquam voluptas rem similique ipsum neque. Atque suscipit tenetur voluptates voluptates ipsa reiciendis. Et placeat eos quis dolore voluptatem reprehenderit omnis praesentium. Vero placeat quidem quam corporis.', 5, '2018-10-09 20:41:11', '2018-10-09 20:41:11'),
(256, 9, 'Alfonzo Romaguera', 'Voluptate consequatur maxime qui omnis est. Nobis cumque occaecati velit ut. Qui quidem est nobis odit. Facere tempora dolores velit adipisci non libero iusto.', 1, '2018-10-09 20:41:11', '2018-10-09 20:41:11'),
(257, 24, 'Cleora Kirlin', 'Alias repellendus libero porro ut. Neque ipsa animi et qui perspiciatis voluptas. Voluptas possimus assumenda exercitationem vitae odio tempora nemo. Corporis aspernatur iste saepe qui quidem aut velit.', 4, '2018-10-09 20:41:11', '2018-10-09 20:41:11'),
(258, 1, 'Mrs. Bernadette Harris', 'Impedit sequi animi numquam magnam qui accusantium. Temporibus aut officia iste eos ut ea incidunt mollitia. Quibusdam repellendus quas qui et. Eos nobis velit inventore iusto numquam.', 1, '2018-10-09 20:41:11', '2018-10-09 20:41:11'),
(259, 129, 'Cora Rodriguez', 'Officiis assumenda et velit voluptatem mollitia. Aperiam eos voluptatum saepe earum. Doloremque consequatur voluptatem dolorum enim reprehenderit animi quidem nam. Ea aliquid temporibus ratione sed.', 0, '2018-10-09 20:41:11', '2018-10-09 20:41:11'),
(260, 80, 'Eleanora Schamberger', 'Consequuntur sed doloremque iusto voluptas blanditiis adipisci laboriosam. Unde rerum quis enim enim et dolores. Vero dolorem aut minima aut atque dolor quia non.', 4, '2018-10-09 20:41:11', '2018-10-09 20:41:11'),
(261, 117, 'Mack Bayer', 'Et aut neque porro. Eius nisi maiores ducimus. Eligendi fugit et qui. Eos tenetur dicta ut doloribus sit.', 5, '2018-10-09 20:41:11', '2018-10-09 20:41:11'),
(262, 67, 'Mr. Efren Schulist', 'Unde laboriosam et voluptatem aliquid. Voluptatibus natus sit eius voluptatem ipsa facere sunt optio. Ut eum ipsa esse porro sit ullam. Quia unde alias ea ut et.', 2, '2018-10-09 20:41:11', '2018-10-09 20:41:11'),
(263, 142, 'Dr. Afton Larkin', 'Ut at numquam asperiores debitis voluptatem. Sed dolorem qui porro perspiciatis quia accusamus. Velit esse vel a error libero.', 3, '2018-10-09 20:41:11', '2018-10-09 20:41:11'),
(264, 52, 'Carolyne Ziemann', 'Sint eos enim sint quia. Nobis suscipit qui illum voluptas corporis quos. Quo excepturi rem et accusantium et placeat. Ex molestiae vel aut quod officia.', 0, '2018-10-09 20:41:11', '2018-10-09 20:41:11'),
(265, 22, 'Nathan Rau', 'Ea et similique consequatur qui eos. Aut ut mollitia dolor debitis. Maxime repellendus ducimus aut qui id qui quia.', 1, '2018-10-09 20:41:11', '2018-10-09 20:41:11'),
(266, 37, 'Vivienne Thompson', 'Ad sunt fugiat qui aut. Fugiat rerum itaque est cum dolor et non. Qui non voluptatem neque dolores officia aut velit. Et non non molestias optio laudantium dolores.', 0, '2018-10-09 20:41:11', '2018-10-09 20:41:11'),
(267, 78, 'Kay Gutmann', 'Quaerat voluptatem quod nihil sit est. Qui aut vitae quisquam. Sequi quod id iusto voluptatum fugiat ut sint. Ut corrupti ut ut beatae voluptatem ut minima.', 2, '2018-10-09 20:41:11', '2018-10-09 20:41:11'),
(268, 135, 'Cary Schulist', 'Sapiente et nobis cupiditate incidunt eos magni sit magnam. Assumenda vel cumque exercitationem rerum quaerat. Sapiente ullam adipisci cum qui dolore. Non eos aliquam aperiam iusto non.', 5, '2018-10-09 20:41:11', '2018-10-09 20:41:11'),
(269, 3, 'Evangeline Bradtke', 'Repudiandae minus quasi quasi mollitia ut excepturi. Odio fuga ratione assumenda qui. Minus totam earum aut possimus numquam repudiandae animi. Placeat vel eos est voluptates explicabo.', 1, '2018-10-09 20:41:11', '2018-10-09 20:41:11'),
(270, 101, 'Dr. Cortney Padberg', 'Iusto amet voluptates vel omnis unde ut et. Earum assumenda est aliquid voluptatem nesciunt accusamus minus. Sint molestiae fugiat modi corporis et dicta quia iste. Quo sunt aliquam at quas.', 1, '2018-10-09 20:41:11', '2018-10-09 20:41:11'),
(271, 62, 'Dr. Korbin Gleichner IV', 'Dolores sed tenetur aut non et. Eum molestiae alias laudantium. Atque quisquam beatae corporis molestiae.', 4, '2018-10-09 20:41:11', '2018-10-09 20:41:11'),
(272, 128, 'Stephon Johnson', 'Cumque maiores voluptatem tenetur ut distinctio nemo atque. Totam qui porro voluptatem et sint. Omnis eligendi quia reiciendis debitis et nostrum laborum autem.', 0, '2018-10-09 20:41:11', '2018-10-09 20:41:11'),
(273, 48, 'Prof. Cornell Hickle Sr.', 'Est blanditiis sunt occaecati et tempore iusto voluptas ea. Exercitationem modi velit velit velit ut placeat quis.', 1, '2018-10-09 20:41:11', '2018-10-09 20:41:11'),
(274, 42, 'Arden Green', 'Nisi iure mollitia asperiores ut eligendi magni quia quia. Vero atque unde nulla vitae consequatur consequatur quia. Eos numquam omnis perferendis neque rerum quia. Sunt eos magni non beatae. Incidunt tempora voluptates voluptas ut dignissimos quae.', 1, '2018-10-09 20:41:11', '2018-10-09 20:41:11'),
(275, 55, 'Prof. Amber Koelpin IV', 'Impedit eveniet sint ipsa mollitia praesentium officiis sed. Labore et sequi omnis veniam consectetur. Sit qui nemo explicabo rerum sequi.', 0, '2018-10-09 20:41:11', '2018-10-09 20:41:11'),
(276, 20, 'Dane Feil', 'Corrupti eum dolores consequatur deleniti et delectus sunt. Sequi rerum sapiente sed praesentium id perspiciatis. Enim quia cumque voluptatem quod consequatur. Dolores consequatur assumenda libero nemo quis ut.', 5, '2018-10-09 20:41:11', '2018-10-09 20:41:11'),
(277, 142, 'Dr. Marcelina Kulas', 'Consequatur nam tempora mollitia iste. Et temporibus dignissimos aut quisquam numquam aut. Nisi illum nulla libero in ducimus quod. Quibusdam aut cupiditate blanditiis dolorum.', 0, '2018-10-09 20:41:11', '2018-10-09 20:41:11'),
(278, 129, 'Miss Odie Runte Sr.', 'Natus sit quos et beatae. Ut quo harum inventore beatae fugiat aspernatur nihil ut. Mollitia voluptate assumenda qui fugit ad. Perferendis et qui adipisci repudiandae pariatur ut molestias voluptas.', 0, '2018-10-09 20:41:11', '2018-10-09 20:41:11'),
(279, 66, 'Imogene Vandervort V', 'Reiciendis sequi molestiae est excepturi facere. Explicabo culpa iste dolore praesentium. Exercitationem a adipisci ipsam quae et. Eum non dignissimos laudantium distinctio vero omnis.', 3, '2018-10-09 20:41:11', '2018-10-09 20:41:11'),
(280, 76, 'Gussie Hickle', 'Nulla omnis provident asperiores sed iure et esse. Qui numquam hic debitis quo iste est sit. Minima quibusdam et sint voluptas.', 3, '2018-10-09 20:41:11', '2018-10-09 20:41:11'),
(281, 78, 'Jacquelyn Hettinger', 'Dolores dolorem consectetur est delectus dolor doloremque quia. Nesciunt id rerum aut repellat qui quas fugit sapiente. Laborum et dignissimos laboriosam sit iusto architecto. Voluptatem ipsa nisi unde debitis repellat minima.', 0, '2018-10-09 20:41:11', '2018-10-09 20:41:11'),
(282, 12, 'Dimitri Johnson', 'Nihil et eaque eum autem. Aspernatur est laboriosam sint quo qui in. Adipisci voluptates iste eum voluptatem sunt qui qui distinctio.', 2, '2018-10-09 20:41:11', '2018-10-09 20:41:11'),
(283, 36, 'Georgiana VonRueden', 'Vel aliquid minus assumenda natus iusto maxime. At ipsa amet at ut animi voluptatibus. Sed explicabo ipsam doloremque dolorem dignissimos qui iste. Omnis minus culpa delectus quam est.', 1, '2018-10-09 20:41:11', '2018-10-09 20:41:11'),
(284, 133, 'Bella Wilderman', 'Ut excepturi et omnis quia ad. Et velit numquam quisquam et ab et esse. Sapiente facilis ex voluptates expedita at quaerat distinctio omnis. Quo ut sit quia doloremque et.', 0, '2018-10-09 20:41:11', '2018-10-09 20:41:11'),
(285, 69, 'Jamil Shields', 'Ut sit incidunt corrupti quaerat consectetur et. Eos et optio occaecati iusto hic distinctio. Quidem ut perferendis distinctio amet pariatur iste sit ut.', 5, '2018-10-09 20:41:11', '2018-10-09 20:41:11'),
(286, 103, 'Antone Kozey', 'Consectetur nobis aut aliquam eos. Dolore explicabo reprehenderit nobis quia velit a. Minima a iste sit. Eveniet dolor voluptatem animi ut aut nesciunt placeat.', 4, '2018-10-09 20:41:11', '2018-10-09 20:41:11'),
(287, 87, 'Keven Gutkowski III', 'Beatae ipsum alias eveniet adipisci. Omnis fuga exercitationem sed et dolor aperiam necessitatibus. Quasi a maxime autem molestias facilis sunt.', 4, '2018-10-09 20:41:11', '2018-10-09 20:41:11'),
(288, 111, 'Dr. Helga Hudson IV', 'Labore aut perspiciatis sit minima. Unde voluptatem rerum enim nulla blanditiis magni. Iste nostrum ratione iste sit enim consequatur. Assumenda doloremque suscipit et in.', 3, '2018-10-09 20:41:11', '2018-10-09 20:41:11'),
(289, 94, 'Cooper Weissnat', 'Mollitia modi cumque dolores et dolorem dignissimos consequatur. Explicabo suscipit est alias et eum repellendus fugiat. Non non deserunt pariatur tenetur et possimus occaecati. Est et est voluptate in nisi.', 3, '2018-10-09 20:41:11', '2018-10-09 20:41:11'),
(290, 91, 'Luisa Daugherty', 'Sit enim officia nemo reprehenderit. Ducimus aliquam labore et voluptatum. Placeat autem amet temporibus ea quia.', 2, '2018-10-09 20:41:11', '2018-10-09 20:41:11'),
(291, 91, 'Angelo Macejkovic', 'Sapiente eius eum quod voluptate rerum. Veniam qui ab omnis eveniet adipisci perspiciatis. Ab aut minima nobis.', 3, '2018-10-09 20:41:11', '2018-10-09 20:41:11'),
(292, 143, 'Kurt Erdman', 'Rerum enim amet officia quibusdam rerum. Qui rem ipsa reiciendis eum error impedit. Debitis et omnis qui repudiandae corporis.', 2, '2018-10-09 20:41:11', '2018-10-09 20:41:11'),
(293, 141, 'Annette Parisian', 'Qui similique est numquam fuga ut ea. Quis vitae qui eum esse omnis. Quae quidem sint omnis illum. In dolore culpa nihil et aliquid.', 1, '2018-10-09 20:41:11', '2018-10-09 20:41:11'),
(294, 60, 'Nathanael Simonis', 'Debitis iure porro hic repellat. Enim quasi culpa dolorum quaerat. At soluta voluptatum dolores quibusdam. Laboriosam esse rerum ut molestiae.', 5, '2018-10-09 20:41:11', '2018-10-09 20:41:11'),
(295, 132, 'Mckayla Jones DVM', 'Qui et officiis quod quisquam. Sit ipsa distinctio voluptates voluptatibus et impedit. Sint numquam aut consequuntur. Nam qui atque ut tempora.', 3, '2018-10-09 20:41:11', '2018-10-09 20:41:11'),
(296, 27, 'Dax Streich', 'Ad blanditiis odit enim omnis neque. Aut sit quod reprehenderit.', 5, '2018-10-09 20:41:11', '2018-10-09 20:41:11'),
(297, 32, 'Mrs. Lolita Rath V', 'Velit sed non possimus enim tempora. Itaque aut officiis consectetur. Et fuga voluptatem voluptatem quam. Earum sit non perferendis voluptas doloribus sunt et consectetur.', 5, '2018-10-09 20:41:11', '2018-10-09 20:41:11'),
(298, 83, 'Mr. Bertha Marvin', 'Dolor eaque et ut perferendis eveniet ut facere. Nihil necessitatibus beatae et omnis quis deserunt. Libero expedita aut et amet voluptas aspernatur illo. Tempore veniam nobis et maxime amet.', 5, '2018-10-09 20:41:11', '2018-10-09 20:41:11'),
(299, 35, 'Bobby Hettinger III', 'Aperiam laborum natus recusandae ducimus aut quasi saepe. Sed fugit fugiat consequatur ut aut laudantium. Ut ex sit odio tempore iste quasi hic voluptates. Odio modi adipisci et porro qui ut cum.', 4, '2018-10-09 20:41:11', '2018-10-09 20:41:11'),
(300, 19, 'Dustin Cummings', 'Labore accusantium voluptate optio pariatur sed id. Vel quaerat facilis tempora laboriosam voluptatem dolorum quidem eveniet. Inventore nobis et amet qui sed ducimus. Et quis ex suscipit ab molestias occaecati qui.', 0, '2018-10-09 20:41:11', '2018-10-09 20:41:11');

-- --------------------------------------------------------

--
-- Table structure for table `users`
--

CREATE TABLE `users` (
  `id` int(10) UNSIGNED NOT NULL,
  `name` varchar(255) COLLATE utf8mb4_unicode_ci NOT NULL,
  `email` varchar(255) COLLATE utf8mb4_unicode_ci NOT NULL,
  `email_verified_at` timestamp NULL DEFAULT NULL,
  `password` varchar(255) COLLATE utf8mb4_unicode_ci NOT NULL,
  `remember_token` varchar(100) COLLATE utf8mb4_unicode_ci DEFAULT NULL,
  `created_at` timestamp NULL DEFAULT NULL,
  `updated_at` timestamp NULL DEFAULT NULL
) ENGINE=InnoDB DEFAULT CHARSET=utf8mb4 COLLATE=utf8mb4_unicode_ci;

--
-- Indexes for dumped tables
--

--
-- Indexes for table `migrations`
--
ALTER TABLE `migrations`
  ADD PRIMARY KEY (`id`);

--
-- Indexes for table `password_resets`
--
ALTER TABLE `password_resets`
  ADD KEY `password_resets_email_index` (`email`);

--
-- Indexes for table `products`
--
ALTER TABLE `products`
  ADD PRIMARY KEY (`id`);

--
-- Indexes for table `reviews`
--
ALTER TABLE `reviews`
  ADD PRIMARY KEY (`id`),
  ADD KEY `reviews_product_id_index` (`product_id`);

--
-- Indexes for table `users`
--
ALTER TABLE `users`
  ADD PRIMARY KEY (`id`),
  ADD UNIQUE KEY `users_email_unique` (`email`);

--
-- AUTO_INCREMENT for dumped tables
--

--
-- AUTO_INCREMENT for table `migrations`
--
ALTER TABLE `migrations`
  MODIFY `id` int(10) UNSIGNED NOT NULL AUTO_INCREMENT, AUTO_INCREMENT=5;
--
-- AUTO_INCREMENT for table `products`
--
ALTER TABLE `products`
  MODIFY `id` int(10) UNSIGNED NOT NULL AUTO_INCREMENT, AUTO_INCREMENT=151;
--
-- AUTO_INCREMENT for table `reviews`
--
ALTER TABLE `reviews`
  MODIFY `id` int(10) UNSIGNED NOT NULL AUTO_INCREMENT, AUTO_INCREMENT=301;
--
-- AUTO_INCREMENT for table `users`
--
ALTER TABLE `users`
  MODIFY `id` int(10) UNSIGNED NOT NULL AUTO_INCREMENT;
--
-- Constraints for dumped tables
--

--
-- Constraints for table `reviews`
--
ALTER TABLE `reviews`
  ADD CONSTRAINT `reviews_product_id_foreign` FOREIGN KEY (`product_id`) REFERENCES `products` (`id`) ON DELETE CASCADE;

/*!40101 SET CHARACTER_SET_CLIENT=@OLD_CHARACTER_SET_CLIENT */;
/*!40101 SET CHARACTER_SET_RESULTS=@OLD_CHARACTER_SET_RESULTS */;
/*!40101 SET COLLATION_CONNECTION=@OLD_COLLATION_CONNECTION */;
